CREATE TABLE Runners (
    runner_id INTEGER PRIMARY KEY,
    first_name TEXT NOT NULL,
    last_name TEXT NOT NULL,
    date_of_birth DATE,
    sex TEXT NOT NULL,
    country TEXT NOT NULL
);

CREATE TABLE Events (
    event_id INTEGER PRIMARY KEY,
    event TEXT NOT NULL,
    event_date DATE NOT NULL
);

CREATE TABLE Results (
    result_id INTEGER PRIMARY KEY,
    event_id INTEGER NOT NULL,
    runner_id INTEGER NOT NULL,
    finish_time TEXT NOT NULL,
    position INTEGER NOT NULL,
    sex TEXT NOT NULL, 
    is_elite TEXT NOT NULL,
    FOREIGN KEY(event_id) REFERENCES Events(event_id),
    FOREIGN KEY(runner_id) REFERENCES Runners(runner_id)
);

CREATE TABLE Sponsors (
    sponsor_id INTEGER PRIMARY KEY,
    sponsor_name TEXT NOT NULL
);

CREATE TABLE Sponsored_Athletes (
    sponsor_id INTEGER NOT NULL,
    sponsor_name TEXT NOT NULL,
    runner_id INTEGER NOT NULL,
    FOREIGN KEY(sponsor_id) REFERENCES Sponsors(sponsor_id),
    FOREIGN KEY(runner_id) REFERENCES Runners(runner_id),
    PRIMARY KEY (sponsor_id, runner_id)
);

CREATE TABLE Training_Plans (
    id INTEGER PRIMARY KEY,
    runner_id INTEGER NOT NULL,
    start_date DATE NOT NULL,
    end_date DATE NOT NULL,
    plan_id INTEGER NOT NULL,
    FOREIGN KEY(runner_id) REFERENCES Runners(runner_id),
    FOREIGN KEY(plan_id) REFERENCES Training_Plans_Descriptions(plan_id)
);

CREATE TABLE Training_Plans_Descriptions (
    plan_id INTEGER PRIMARY KEY,
    plan_description TEXT NOT NULL,
    plan_length_weeks INTEGER NOT NULL
);




INSERT INTO Runners (runner_id, first_name, last_name, date_of_birth, sex, country) VALUES
(1, 'Ohan', 'Shahazizyan', '1993-03-21', 'Male', 'Armenia'),
(2, 'Mateo Benjamin', 'Sanchez', '1951-11-17', 'Male', 'Argentina'),
(3, 'Saksham', 'Sehgal', '2005-06-26', 'Male', 'India'),
(4, 'Martha', 'Rodriguez', '1953-01-12', 'Female', 'Colombia'),
(5, 'Tom', 'Moe', '1993-04-27', 'Male', 'Norway'),
(6, 'Jo', 'Brown', '1936-07-16', 'Female', 'United Arab Emirates'),
(7, 'Ernestas', 'Kiska', '1997-12-17', 'Female', 'Lithuania'),
(8, 'Kristina', 'Mcdonald', '1947-04-13', 'Female', 'Bahrain'),
(9, 'Marcela', 'Hernandez', '1966-09-12', 'Female', 'Colombia'),
(10, 'Enrique', 'Palacios', '2004-04-28', 'Male', 'Colombia'),
(11, 'Paula', 'Herman', '1974-02-21', 'Female', 'Albania'),
(12, 'Sara', 'Jimenez', '1986-01-26', 'Female', 'Switzerland'),
(13, 'Abrhm', 'rvnn', '1999-07-06', 'Male', 'Israel'),
(14, 'eungyeong', 'son', '1960-06-23', 'Female', 'South Korea'),
(15, 'Fatima', 'Robledo', '1999-12-19', 'Female', 'Spain'),
(16, 'Emma', 'Muller', '1966-01-27', 'Female', 'Austria'),
(17, 'pritm', 'paanndde', '1950-05-24', 'Male', 'Bangladesh'),
(18, 'Sona', 'Machova', '1952-12-24', 'Female', 'Czech Republic'),
(19, 'Janet', 'Wilson', '1963-12-20', 'Female', 'Canada'),
(20, 'Indy', 'Dirksen', '2002-08-10', 'Female', 'Netherlands'),
(21, 'Adolfs', 'Liepina', '1963-04-07', 'Male', 'Latvia'),
(22, 'Tina', 'Greene', '1989-01-17', 'Female', 'United States'),
(23, 'Aaron', 'Walters', '1979-11-29', 'Male', 'United Kingdom'),
(24, 'Lucy', 'Toms', '1939-03-27', 'Female', 'New Zealand'),
(25, 'lr', 'lmGwl@', '1960-10-16', 'Female', 'Saudi Arabia'),
(26, 'Katri', 'Niemi', '1990-01-20', 'Female', 'Finland'),
(27, 'Brittany', 'Gardner', '1975-10-11', 'Female', 'Canada'),
(28, 'Karen', 'Stephenson', '1982-11-16', 'Female', 'Jordan'),
(29, 'ygnh', 'mhdyn', '1995-06-24', 'Female', 'Iran'),
(30, 'Arron', 'Gallen', '1961-09-29', 'Male', 'Ireland'),
(31, 'Mikolai', 'Deineko', '2005-03-26', 'Male', 'Ukraine'),
(32, 'Marjana', 'Koren', '1999-09-11', 'Female', 'Slovenia'),
(33, 'Virzhiniia', 'Sapundzhieva', '1943-03-23', 'Female', 'Bulgaria'),
(34, 'dryn', 'lmwsws', '1992-02-23', 'Female', 'Arabic'),
(35, 'ritu', 'mhrjn', '1965-03-20', 'Female', 'Nepal'),
(36, 'Richard', 'Roberts', '1997-07-28', 'Male', 'Cyprus'),
(37, 'Markku', 'Simola', '1993-05-22', 'Male', 'Finland'),
(38, 'Alzbeta', 'Pokorny', '1940-11-16', 'Female', 'Czech Republic'),
(39, 'David', 'Smith', '1936-05-31', 'Male', 'United Arab Emirates'),
(40, 'Jeremiah', 'Chang', '1953-01-01', 'Male', 'Canada'),
(41, 'Reyansh', 'Ravi', '1978-11-13', 'Female', 'India'),
(42, 'Eka', 'Yuniar', '1946-03-15', 'Male', 'Indonesia'),
(43, 'Margarita', 'Steiger', '1948-06-19', 'Female', 'Switzerland'),
(44, 'Eva', 'Jakobsen', '1996-02-26', 'Female', 'Norway'),
(45, 'Dario', 'Barth', '1989-05-18', 'Male', 'Austria'),
(46, 'Angelo', 'Araujo', '1957-08-18', 'Male', 'Portugal'),
(47, 'Karley', 'Devoy', '1952-04-27', 'Female', 'Ireland'),
(48, 'Lino', 'Barriga', '1976-08-01', 'Male', 'Spain'),
(49, 'Sofie', 'Willems', '1977-05-28', 'Female', 'Belgium'),
(50, 'Atena', 'Florea', '1993-12-22', 'Female', 'Romania'),
(51, 'mixeil', 'shat`irishvili', '1938-09-14', 'Male', 'Georgia'),
(52, 'Nektaria', 'Aggelakos', '1950-07-10', 'Female', 'Greece'),
(53, 'Bridie', 'O Siadhail', '1936-07-25', 'Female', 'Ireland'),
(54, 'e`kchay', 'aekwchlkhraam', '1956-05-05', 'Male', 'Thailand'),
(55, 'Sfiso', 'Sithole', '1951-08-02', 'Male', 'South Africa'),
(56, 'Sandra', 'Hubbard', '1943-10-22', 'Female', 'Jordan'),
(57, 'Liwia', 'Madrzyk', '1981-11-23', 'Female', 'Poland'),
(58, 'P`anos', 'Abashyan', '1955-08-09', 'Male', 'Armenia'),
(59, 'Charlie', 'Thompson', '1998-12-23', 'Male', 'United Kingdom'),
(60, 'Turgut', 'Koruturk', '1984-03-12', 'Male', 'Turkey'),
(61, 'Stephanie', 'Peterson', '2003-02-09', 'Female', 'Bosnia and Herzegovina'),
(62, 'Maurice', 'Hamel', '1978-05-18', 'Male', 'Canada'),
(63, 'Margareta', 'Jakobsson', '1999-12-08', 'Female', 'Sweden'),
(64, 'Liubim', 'Ilin', '1937-08-15', 'Male', 'Russia'),
(65, 'Ezequiel', 'Caceres', '2004-02-18', 'Male', 'Argentina'),
(66, 'Akarsh', 'Venkataraman', '1960-11-26', 'Female', 'India'),
(67, 'shekhr', 'yaadb', '1978-10-31', 'Male', 'Bangladesh'),
(68, 'Sandra', 'Debeljak', '2006-05-17', 'Female', 'Slovenia'),
(69, 'Amanda', 'Sparks', '1954-01-01', 'Female', 'United Arab Emirates'),
(70, 'Nandor', 'Kovacs', '1939-09-03', 'Male', 'Hungary'),
(71, 'Hong Xia ', 'Zhang ', '1965-11-12', 'Male', 'China'),
(72, 'Francisco', 'Henrion', '1957-07-05', 'Male', 'Belgium'),
(73, 'Elladio', 'Maderno', '1964-06-03', 'Male', 'Italy'),
(74, 'Christopher', 'Torres', '1944-10-06', 'Male', 'Canada'),
(75, 'Liv', 'Ruud', '1971-07-22', 'Female', 'Norway'),
(76, 'Janice', 'Terry', '1938-04-20', 'Female', 'Egypt'),
(77, 'Zdenka', 'Vanek', '1947-07-03', 'Female', 'Czech Republic'),
(78, 'Tea', 'Obratov', '1945-07-11', 'Female', 'Croatia'),
(79, 'Martins', 'Kalnina', '1983-06-06', 'Male', 'Latvia'),
(80, 'bnyh', 'pvrmn', '1938-12-23', 'Male', 'Israel'),
(81, 'Albert', 'Janssens', '1951-02-18', 'Male', 'Belgium'),
(82, 'Carla', 'Diaz', '1997-11-25', 'Female', 'Chile'),
(83, 'Jasmina', 'Lang', '1962-08-21', 'Female', 'Switzerland'),
(84, 'jgnaath', 'adhikaarii', '1966-07-18', 'Male', 'Nepal'),
(85, 'Larisa', 'Savin', '1941-12-29', 'Female', 'Russia'),
(86, 'Shelley', 'McKay', '1965-06-18', 'Female', 'New Zealand'),
(87, 'Aidan', 'O Hairbheasaigh', '1988-11-21', 'Male', 'Ireland'),
(88, 'Karen', 'Franklin', '1978-10-23', 'Female', 'Switzerland'),
(89, 'Lucas', 'Albrecht', '1955-07-06', 'Male', 'Switzerland'),
(90, 'Kevin', 'Fletcher', '1984-02-20', 'Male', 'Cyprus'),
(91, 'Svetlana', 'Narusis', '1938-09-12', 'Male', 'Lithuania'),
(92, 'Andrej', 'Lebar', '1994-05-31', 'Male', 'Slovenia'),
(93, 'Jeremy', 'Neuville', '2000-09-02', 'Male', 'Belgium'),
(94, 'uch`a', 'enukize', '1963-05-14', 'Male', 'Georgia'),
(95, 'rcnaa', 'vaal', '1964-01-06', 'Male', 'India'),
(96, 'Asifa', 'Mladenova', '1994-10-19', 'Female', 'Bulgaria'),
(97, 'Scott', 'Walker', '1946-06-14', 'Male', 'Bosnia and Herzegovina'),
(98, 'Hugues', 'Cohen', '1972-07-06', 'Male', 'France'),
(99, 'Timothy', 'Hall', '1984-03-04', 'Male', 'Jordan'),
(100, 'Boguslav', 'Khudobiak', '1981-05-05', 'Male', 'Ukraine');
INSERT INTO Events (event_id, event, event_date) VALUES
(1, 'Boston Marathon', '2012-04-16'),
(2, 'Boston Marathon', '2013-04-15'),
(3, 'Boston Marathon', '2014-04-21'),
(4, 'Boston Marathon', '2015-04-20'),
(5, 'Boston Marathon', '2016-04-18'),
(6, 'Boston Marathon', '2017-04-17'),
(7, 'Boston Marathon', '2018-04-16'),
(8, 'Boston Marathon', '2019-04-15'),
(9, 'Boston Marathon', '2020-10-11'),
(10, 'Boston Marathon', '2021-10-11'),
(11, 'Boston Marathon', '2022-04-18'),
(12, 'Boston Marathon', '2023-04-17'),
(13, 'London Marathon', '2012-04-22'),
(14, 'London Marathon', '2013-04-21'),
(15, 'London Marathon', '2014-04-21'),
(16, 'London Marathon', '2015-04-26'),
(17, 'London Marathon', '2016-04-24'),
(18, 'London Marathon', '2017-04-23'),
(19, 'London Marathon', '2018-04-22'),
(20, 'London Marathon', '2019-04-28'),
(21, 'London Marathon', '2020-10-04'),
(22, 'London Marathon', '2021-10-03'),
(23, 'London Marathon', '2022-10-02'),
(24, 'London Marathon', '2023-04-23'),
(25, 'New York City Marathon', '2012-11-04'),
(26, 'New York City Marathon', '2013-11-03'),
(27, 'New York City Marathon', '2014-11-02'),
(28, 'New York City Marathon', '2015-11-01'),
(29, 'New York City Marathon', '2016-11-06'),
(30, 'New York City Marathon', '2017-11-05'),
(31, 'New York City Marathon', '2018-11-04'),
(32, 'New York City Marathon', '2019-11-03'),
(33, 'New York City Marathon', '2020-12-13'),
(34, 'New York City Marathon', '2021-11-07'),
(35, 'New York City Marathon', '2022-11-06'),
(36, 'New York City Marathon', '2023-11-05'),
(37, 'Berlin Marathon', '2012-09-30'),
(38, 'Berlin Marathon', '2013-09-29'),
(39, 'Berlin Marathon', '2014-09-28'),
(40, 'Berlin Marathon', '2015-09-27'),
(41, 'Berlin Marathon', '2016-09-25'),
(42, 'Berlin Marathon', '2017-09-24'),
(43, 'Berlin Marathon', '2018-09-16'),
(44, 'Berlin Marathon', '2019-09-29'),
(45, 'Berlin Marathon', '2020-09-27'),
(46, 'Berlin Marathon', '2021-09-26'),
(47, 'Berlin Marathon', '2022-09-25'),
(48, 'Berlin Marathon', '2023-09-24'),
(49, 'Chicago Marathon', '2012-10-07'),
(50, 'Chicago Marathon', '2013-10-13'),
(51, 'Chicago Marathon', '2014-10-12'),
(52, 'Chicago Marathon', '2015-10-11'),
(53, 'Chicago Marathon', '2016-10-09'),
(54, 'Chicago Marathon', '2017-10-08'),
(55, 'Chicago Marathon', '2018-10-07'),
(56, 'Chicago Marathon', '2019-10-13'),
(57, 'Chicago Marathon', '2020-10-11'),
(58, 'Chicago Marathon', '2021-10-10'),
(59, 'Chicago Marathon', '2022-10-09'),
(60, 'Chicago Marathon', '2023-10-08'),
(61, 'Tokyo Marathon', '2012-02-26'),
(62, 'Tokyo Marathon', '2013-02-24'),
(63, 'Tokyo Marathon', '2014-02-23'),
(64, 'Tokyo Marathon', '2015-02-22'),
(65, 'Tokyo Marathon', '2016-02-28'),
(66, 'Tokyo Marathon', '2017-02-26'),
(67, 'Tokyo Marathon', '2018-02-25'),
(68, 'Tokyo Marathon', '2019-03-03'),
(69, 'Tokyo Marathon', '2020-03-01'),
(70, 'Tokyo Marathon', '2021-03-07'),
(71, 'Tokyo Marathon', '2022-03-06'),
(72, 'Tokyo Marathon', '2023-03-05');
INSERT INTO Results (result_id, event_id, runner_id, finish_time, position, sex, is_elite) VALUES
(1, 1, 59, '02:16:04', 1477, 'Female', 'True'),
(2, 2, 62, '04:15:51', 3467, 'Female', 'False'),
(3, 3, 64, '03:34:00', 3940, 'Male', 'False'),
(4, 4, 62, '04:08:10', 4856, 'Female', 'False'),
(5, 5, 3, '04:02:55', 1731, 'Male', 'False'),
(6, 6, 60, '05:17:24', 4937, 'Female', 'False'),
(7, 7, 4, '04:36:09', 552, 'Female', 'False'),
(8, 8, 59, '03:59:30', 1363, 'Female', 'False'),
(9, 9, 10, '05:53:58', 1401, 'Male', 'False'),
(10, 10, 28, '03:02:50', 800, 'Female', 'False'),
(11, 11, 11, '03:28:45', 884, 'Female', 'False'),
(12, 12, 36, '04:15:05', 789, 'Female', 'False'),
(13, 1, 73, '05:18:36', 1162, 'Female', 'False'),
(14, 2, 31, '03:28:26', 2385, 'Male', 'False'),
(15, 3, 45, '04:43:44', 2612, 'Male', 'False'),
(16, 4, 72, '04:41:29', 3152, 'Male', 'False'),
(17, 5, 37, '02:09:43', 1129, 'Female', 'True'),
(18, 6, 79, '02:00:14', 1087, 'Female', 'True'),
(19, 7, 56, '04:12:59', 4413, 'Male', 'False'),
(20, 8, 31, '03:35:30', 2030, 'Male', 'False'),
(21, 9, 69, '05:09:26', 1989, 'Male', 'False'),
(22, 10, 58, '04:50:57', 4246, 'Male', 'False'),
(23, 11, 58, '05:28:55', 1198, 'Male', 'False'),
(24, 12, 49, '03:03:57', 3087, 'Female', 'False'),
(25, 1, 82, '02:32:52', 729, 'Male', 'True'),
(26, 2, 87, '05:47:01', 1168, 'Female', 'False'),
(27, 3, 36, '05:44:20', 2256, 'Female', 'False'),
(28, 4, 58, '02:12:17', 2335, 'Male', 'True'),
(29, 5, 87, '04:00:35', 3606, 'Female', 'False'),
(30, 6, 19, '04:27:11', 3971, 'Female', 'False'),
(31, 7, 71, '05:51:24', 3204, 'Female', 'False'),
(32, 8, 14, '04:07:49', 1091, 'Female', 'False'),
(33, 9, 88, '04:02:53', 3310, 'Male', 'False'),
(34, 10, 26, '03:31:59', 2190, 'Female', 'False'),
(35, 11, 90, '05:36:55', 2685, 'Male', 'False'),
(36, 12, 11, '04:33:07', 3287, 'Female', 'False'),
(37, 1, 72, '02:55:51', 427, 'Male', 'True'),
(38, 2, 51, '05:04:50', 2386, 'Male', 'False'),
(39, 3, 75, '04:12:49', 144, 'Male', 'False'),
(40, 4, 33, '02:20:47', 3324, 'Male', 'True'),
(41, 5, 64, '05:25:37', 98, 'Male', 'False'),
(42, 6, 14, '05:44:47', 2023, 'Female', 'False'),
(43, 7, 1, '03:54:02', 275, 'Male', 'False'),
(44, 8, 53, '04:00:16', 2603, 'Female', 'False'),
(45, 9, 1, '04:17:26', 646, 'Male', 'False'),
(46, 10, 56, '05:39:00', 391, 'Male', 'False'),
(47, 11, 43, '04:20:09', 424, 'Male', 'False'),
(48, 12, 86, '02:54:37', 1861, 'Male', 'True'),
(49, 1, 3, '03:35:04', 3197, 'Male', 'False'),
(50, 2, 23, '03:12:13', 3479, 'Female', 'False'),
(51, 3, 31, '03:06:22', 3414, 'Male', 'False'),
(52, 4, 54, '03:15:28', 793, 'Male', 'False'),
(53, 5, 55, '05:43:31', 1626, 'Male', 'False'),
(54, 6, 33, '02:48:31', 3342, 'Male', 'True'),
(55, 7, 2, '03:37:51', 940, 'Male', 'False'),
(56, 8, 1, '05:08:05', 3411, 'Male', 'False'),
(57, 9, 32, '05:30:07', 4218, 'Male', 'False'),
(58, 10, 45, '05:13:15', 1067, 'Male', 'False'),
(59, 11, 56, '03:42:22', 458, 'Male', 'False'),
(60, 12, 95, '03:00:13', 3332, 'Female', 'False'),
(61, 1, 49, '04:10:16', 3573, 'Female', 'False'),
(62, 2, 71, '02:19:25', 400, 'Female', 'True'),
(63, 3, 43, '02:59:59', 2212, 'Male', 'True'),
(64, 4, 90, '04:00:05', 1436, 'Male', 'False'),
(65, 5, 25, '04:36:12', 1825, 'Female', 'False'),
(66, 6, 82, '02:36:26', 4022, 'Male', 'True'),
(67, 7, 9, '02:27:03', 982, 'Male', 'True'),
(68, 8, 10, '05:17:58', 4309, 'Male', 'False'),
(69, 9, 31, '05:02:14', 2211, 'Male', 'False'),
(70, 10, 87, '02:20:01', 3240, 'Female', 'True'),
(71, 11, 65, '04:34:44', 1452, 'Female', 'False'),
(72, 12, 64, '02:03:19', 3502, 'Male', 'True'),
(73, 1, 84, '04:51:54', 1272, 'Male', 'False'),
(74, 2, 43, '04:38:41', 2138, 'Male', 'False'),
(75, 3, 71, '04:52:57', 4983, 'Female', 'False'),
(76, 4, 11, '04:35:48', 128, 'Female', 'False'),
(77, 5, 18, '02:03:24', 788, 'Female', 'True'),
(78, 6, 92, '03:50:22', 2257, 'Female', 'False'),
(79, 7, 62, '03:31:50', 748, 'Female', 'False'),
(80, 8, 48, '04:12:33', 3799, 'Male', 'False'),
(81, 9, 65, '03:47:44', 4179, 'Female', 'False'),
(82, 10, 77, '03:39:47', 545, 'Male', 'False'),
(83, 11, 93, '05:38:37', 798, 'Male', 'False'),
(84, 12, 89, '04:36:08', 236, 'Male', 'False'),
(85, 1, 46, '05:44:19', 4539, 'Female', 'False'),
(86, 2, 52, '04:55:49', 2165, 'Male', 'False'),
(87, 3, 67, '05:12:45', 2109, 'Female', 'False'),
(88, 4, 97, '02:25:01', 3005, 'Female', 'True'),
(89, 5, 24, '03:17:15', 4664, 'Female', 'False'),
(90, 6, 2, '02:29:34', 3090, 'Male', 'True'),
(91, 7, 46, '05:34:03', 2316, 'Female', 'False'),
(92, 8, 77, '04:12:14', 4025, 'Male', 'False'),
(93, 9, 39, '03:26:44', 1531, 'Female', 'False'),
(94, 10, 2, '03:38:46', 3172, 'Male', 'False'),
(95, 11, 9, '04:13:57', 940, 'Male', 'False'),
(96, 12, 4, '02:40:50', 3165, 'Female', 'True'),
(97, 1, 21, '02:32:39', 450, 'Male', 'True'),
(98, 2, 86, '03:37:43', 2015, 'Male', 'False'),
(99, 3, 11, '05:22:53', 182, 'Female', 'False'),
(100, 4, 50, '04:51:26', 3881, 'Male', 'False'),
(101, 5, 45, '03:06:50', 3803, 'Male', 'False'),
(102, 6, 12, '04:24:41', 2714, 'Male', 'False'),
(103, 7, 37, '04:17:36', 4888, 'Female', 'False'),
(104, 8, 17, '02:10:42', 783, 'Male', 'True'),
(105, 9, 63, '02:09:36', 3896, 'Female', 'True'),
(106, 10, 7, '05:03:56', 4947, 'Male', 'False'),
(107, 11, 31, '05:12:19', 2144, 'Male', 'False'),
(108, 12, 12, '03:05:23', 3407, 'Male', 'False'),
(109, 1, 12, '02:10:10', 3322, 'Male', 'True'),
(110, 2, 53, '04:31:08', 3239, 'Female', 'False'),
(111, 3, 10, '05:42:44', 387, 'Male', 'False'),
(112, 4, 89, '04:57:46', 4199, 'Male', 'False'),
(113, 5, 62, '05:44:29', 3052, 'Female', 'False'),
(114, 6, 72, '03:42:53', 2068, 'Male', 'False'),
(115, 7, 14, '05:23:46', 262, 'Female', 'False'),
(116, 8, 27, '05:01:51', 4230, 'Male', 'False'),
(117, 9, 45, '03:51:45', 1251, 'Male', 'False'),
(118, 10, 54, '05:37:03', 88, 'Male', 'False'),
(119, 11, 81, '02:07:42', 4732, 'Male', 'True'),
(120, 12, 14, '05:04:55', 129, 'Female', 'False'),
(121, 1, 54, '02:04:21', 1866, 'Male', 'True'),
(122, 2, 83, '04:43:11', 1774, 'Male', 'False'),
(123, 3, 88, '02:30:35', 1948, 'Male', 'True'),
(124, 4, 68, '04:10:47', 1995, 'Female', 'False'),
(125, 5, 20, '02:15:54', 3802, 'Female', 'True'),
(126, 6, 68, '02:43:48', 4802, 'Female', 'True'),
(127, 7, 70, '04:28:11', 248, 'Female', 'False'),
(128, 8, 6, '03:56:13', 3417, 'Female', 'False'),
(129, 9, 29, '02:17:57', 4886, 'Male', 'True'),
(130, 10, 52, '05:44:44', 2140, 'Male', 'False'),
(131, 11, 55, '05:24:47', 2134, 'Male', 'False'),
(132, 12, 59, '04:55:46', 418, 'Female', 'False'),
(133, 1, 95, '05:32:15', 4953, 'Female', 'False'),
(134, 2, 64, '05:10:41', 1209, 'Male', 'False'),
(135, 3, 87, '04:42:45', 3886, 'Female', 'False'),
(136, 4, 84, '02:38:22', 2053, 'Male', 'True'),
(137, 5, 49, '02:48:35', 677, 'Female', 'True'),
(138, 6, 57, '05:20:07', 4571, 'Male', 'False'),
(139, 7, 20, '02:46:15', 3565, 'Female', 'True'),
(140, 8, 74, '04:02:45', 4920, 'Male', 'False'),
(141, 9, 60, '04:57:25', 4780, 'Female', 'False'),
(142, 10, 60, '04:08:52', 2669, 'Female', 'False'),
(143, 11, 49, '03:35:09', 2968, 'Female', 'False'),
(144, 12, 7, '05:15:38', 3110, 'Male', 'False'),
(145, 1, 86, '04:05:13', 2287, 'Male', 'False'),
(146, 2, 45, '04:33:01', 1552, 'Male', 'False'),
(147, 3, 4, '05:13:54', 3288, 'Female', 'False'),
(148, 4, 4, '03:34:59', 1964, 'Female', 'False'),
(149, 5, 8, '02:51:57', 2675, 'Female', 'True'),
(150, 6, 73, '05:06:44', 1572, 'Female', 'False'),
(151, 7, 21, '05:06:47', 3389, 'Male', 'False'),
(152, 8, 25, '05:11:36', 3131, 'Female', 'False'),
(153, 9, 11, '05:23:12', 1899, 'Female', 'False'),
(154, 10, 84, '04:24:31', 81, 'Male', 'False'),
(155, 11, 25, '02:53:44', 4711, 'Female', 'True'),
(156, 12, 79, '05:32:45', 364, 'Female', 'False'),
(157, 1, 10, '03:21:09', 2120, 'Male', 'False'),
(158, 2, 2, '04:14:36', 4333, 'Male', 'False'),
(159, 3, 24, '03:25:13', 4455, 'Female', 'False'),
(160, 4, 12, '02:19:20', 2171, 'Male', 'True'),
(161, 5, 6, '05:04:32', 105, 'Female', 'False'),
(162, 6, 23, '05:05:23', 424, 'Female', 'False'),
(163, 7, 32, '02:33:49', 2491, 'Male', 'True'),
(164, 8, 93, '05:56:02', 3965, 'Male', 'False'),
(165, 9, 84, '04:44:46', 3808, 'Male', 'False'),
(166, 10, 27, '02:45:08', 3290, 'Male', 'True'),
(167, 11, 54, '03:43:03', 213, 'Male', 'False'),
(168, 12, 87, '03:09:06', 4732, 'Female', 'False'),
(169, 1, 18, '05:22:24', 3565, 'Female', 'False'),
(170, 2, 35, '02:16:11', 3780, 'Female', 'True'),
(171, 3, 1, '02:22:31', 1336, 'Male', 'True'),
(172, 4, 93, '04:39:02', 1380, 'Male', 'False'),
(173, 5, 71, '05:06:30', 1128, 'Female', 'False'),
(174, 6, 55, '04:10:00', 2555, 'Male', 'False'),
(175, 7, 79, '05:53:33', 1117, 'Female', 'False'),
(176, 8, 49, '04:44:35', 189, 'Female', 'False'),
(177, 9, 3, '02:37:26', 4408, 'Male', 'True'),
(178, 10, 62, '05:17:22', 2530, 'Female', 'False'),
(179, 11, 60, '02:39:38', 4148, 'Female', 'True'),
(180, 12, 99, '03:14:51', 1957, 'Female', 'False'),
(181, 1, 76, '04:33:16', 3990, 'Female', 'False'),
(182, 2, 12, '04:51:18', 1499, 'Male', 'False'),
(183, 3, 22, '03:58:57', 4235, 'Male', 'False'),
(184, 4, 3, '05:40:28', 794, 'Male', 'False'),
(185, 5, 46, '03:58:45', 1660, 'Female', 'False'),
(186, 6, 26, '03:36:28', 4989, 'Female', 'False'),
(187, 7, 98, '05:46:53', 3668, 'Male', 'False'),
(188, 8, 2, '02:57:53', 2192, 'Male', 'True'),
(189, 9, 77, '04:27:51', 4036, 'Male', 'False'),
(190, 10, 50, '03:05:23', 2559, 'Male', 'False'),
(191, 11, 48, '05:40:45', 3320, 'Male', 'False'),
(192, 12, 98, '04:58:18', 2502, 'Male', 'False'),
(193, 1, 74, '04:06:43', 4752, 'Male', 'False'),
(194, 2, 80, '02:33:05', 3678, 'Female', 'True'),
(195, 3, 74, '03:32:43', 4717, 'Male', 'False'),
(196, 4, 64, '04:05:14', 1029, 'Male', 'False'),
(197, 5, 74, '03:09:36', 1975, 'Male', 'False'),
(198, 6, 62, '03:57:24', 3272, 'Female', 'False'),
(199, 7, 72, '02:30:27', 960, 'Male', 'True'),
(200, 8, 99, '05:47:30', 4459, 'Female', 'False'),
(201, 9, 26, '05:53:57', 3347, 'Female', 'False'),
(202, 10, 64, '02:17:53', 304, 'Male', 'True'),
(203, 11, 72, '02:09:58', 3524, 'Male', 'True'),
(204, 12, 54, '02:40:25', 1667, 'Male', 'True'),
(205, 1, 52, '03:44:26', 4477, 'Male', 'False'),
(206, 2, 40, '02:05:59', 2744, 'Female', 'True'),
(207, 3, 93, '04:56:16', 1594, 'Male', 'False'),
(208, 4, 100, '02:37:09', 647, 'Male', 'True'),
(209, 5, 61, '03:52:05', 2895, 'Female', 'False'),
(210, 6, 5, '05:22:01', 2841, 'Female', 'False'),
(211, 7, 24, '03:34:13', 3839, 'Female', 'False'),
(212, 8, 56, '02:22:35', 4994, 'Male', 'True'),
(213, 9, 35, '03:20:27', 4695, 'Female', 'False'),
(214, 10, 51, '05:41:25', 1347, 'Male', 'False'),
(215, 11, 40, '03:53:34', 2646, 'Female', 'False'),
(216, 12, 28, '02:53:03', 3735, 'Female', 'True'),
(217, 1, 53, '03:14:18', 993, 'Female', 'False'),
(218, 2, 4, '04:02:17', 2689, 'Female', 'False'),
(219, 3, 95, '02:33:50', 4550, 'Female', 'True'),
(220, 4, 37, '05:31:06', 1208, 'Female', 'False'),
(221, 5, 77, '02:10:16', 4202, 'Male', 'True'),
(222, 6, 9, '05:34:55', 1102, 'Male', 'False'),
(223, 7, 65, '03:29:52', 2703, 'Female', 'False'),
(224, 8, 19, '02:46:27', 4998, 'Female', 'True'),
(225, 9, 61, '04:59:54', 3104, 'Female', 'False'),
(226, 10, 46, '05:30:44', 1292, 'Female', 'False'),
(227, 11, 30, '04:00:24', 4023, 'Male', 'False'),
(228, 12, 82, '05:14:07', 4022, 'Male', 'False'),
(229, 1, 98, '04:04:13', 2246, 'Male', 'False'),
(230, 2, 39, '04:17:20', 762, 'Female', 'False'),
(231, 3, 66, '05:14:34', 520, 'Male', 'False'),
(232, 4, 94, '05:10:17', 89, 'Male', 'False'),
(233, 5, 22, '04:25:46', 3992, 'Male', 'False'),
(234, 6, 43, '05:52:50', 1519, 'Male', 'False'),
(235, 7, 8, '04:09:53', 4943, 'Female', 'False'),
(236, 8, 21, '02:59:30', 1994, 'Male', 'True'),
(237, 9, 97, '03:36:27', 349, 'Female', 'False'),
(238, 10, 9, '04:57:43', 2100, 'Male', 'False'),
(239, 11, 70, '04:36:58', 2070, 'Female', 'False'),
(240, 12, 91, '03:12:13', 3933, 'Male', 'False'),
(241, 1, 57, '04:19:19', 3687, 'Male', 'False'),
(242, 2, 6, '02:46:24', 1690, 'Female', 'True'),
(243, 3, 77, '04:01:05', 3721, 'Male', 'False'),
(244, 4, 36, '05:43:40', 3928, 'Female', 'False'),
(245, 5, 100, '05:39:34', 4714, 'Male', 'False'),
(246, 6, 86, '04:45:44', 4201, 'Male', 'False'),
(247, 7, 27, '05:46:03', 1469, 'Male', 'False'),
(248, 8, 95, '03:39:26', 4255, 'Female', 'False'),
(249, 9, 41, '04:12:27', 654, 'Male', 'False'),
(250, 10, 43, '05:10:48', 4125, 'Male', 'False'),
(251, 11, 4, '04:46:19', 3728, 'Female', 'False'),
(252, 12, 70, '03:53:03', 2279, 'Female', 'False'),
(253, 1, 36, '04:30:12', 1100, 'Female', 'False'),
(254, 2, 24, '02:06:47', 338, 'Female', 'True'),
(255, 3, 18, '02:48:42', 1523, 'Female', 'True'),
(256, 4, 40, '05:39:16', 362, 'Female', 'False'),
(257, 5, 7, '02:19:07', 654, 'Male', 'True'),
(258, 6, 10, '04:13:57', 4284, 'Male', 'False'),
(259, 7, 13, '05:55:11', 4093, 'Male', 'False'),
(260, 8, 62, '04:00:59', 808, 'Female', 'False'),
(261, 9, 2, '03:54:42', 2218, 'Male', 'False'),
(262, 10, 63, '03:41:10', 419, 'Female', 'False'),
(263, 11, 79, '02:25:37', 2190, 'Female', 'True'),
(264, 12, 9, '04:52:16', 181, 'Male', 'False'),
(265, 1, 31, '03:06:00', 3330, 'Male', 'False'),
(266, 2, 67, '03:28:33', 430, 'Female', 'False'),
(267, 3, 50, '05:44:52', 1888, 'Male', 'False'),
(268, 4, 49, '02:40:54', 2051, 'Female', 'True'),
(269, 5, 96, '04:26:07', 3172, 'Female', 'False'),
(270, 6, 85, '04:02:03', 2450, 'Male', 'False'),
(271, 7, 34, '02:33:24', 2349, 'Male', 'True'),
(272, 8, 29, '04:18:50', 4586, 'Male', 'False'),
(273, 9, 74, '04:03:23', 1529, 'Male', 'False'),
(274, 10, 14, '04:47:27', 432, 'Female', 'False'),
(275, 11, 53, '04:58:41', 511, 'Female', 'False'),
(276, 12, 35, '04:08:38', 2809, 'Female', 'False'),
(277, 1, 45, '02:40:37', 3234, 'Male', 'True'),
(278, 2, 21, '02:38:55', 430, 'Male', 'True'),
(279, 3, 80, '05:44:31', 1255, 'Female', 'False'),
(280, 4, 41, '03:14:25', 1366, 'Male', 'False'),
(281, 5, 9, '03:57:25', 1457, 'Male', 'False'),
(282, 6, 53, '02:18:57', 3902, 'Female', 'True'),
(283, 7, 19, '05:40:09', 4601, 'Female', 'False'),
(284, 8, 28, '03:20:07', 3807, 'Female', 'False'),
(285, 9, 47, '03:47:46', 4120, 'Female', 'False'),
(286, 10, 72, '05:31:34', 2369, 'Male', 'False'),
(287, 11, 80, '03:10:40', 2534, 'Female', 'False'),
(288, 12, 74, '04:24:11', 3374, 'Male', 'False'),
(289, 1, 97, '03:22:42', 3525, 'Female', 'False'),
(290, 2, 84, '04:25:52', 3345, 'Male', 'False'),
(291, 3, 44, '02:33:54', 4053, 'Male', 'True'),
(292, 4, 91, '03:37:37', 3363, 'Male', 'False'),
(293, 5, 10, '02:57:53', 3151, 'Male', 'True'),
(294, 6, 30, '02:39:29', 3056, 'Male', 'True'),
(295, 7, 54, '04:47:39', 3696, 'Male', 'False'),
(296, 8, 80, '04:58:14', 4184, 'Female', 'False'),
(297, 9, 27, '04:32:28', 1814, 'Male', 'False'),
(298, 10, 92, '02:08:29', 437, 'Female', 'True'),
(299, 11, 21, '05:41:40', 4342, 'Male', 'False'),
(300, 12, 24, '02:34:48', 3863, 'Female', 'True'),
(301, 1, 22, '04:39:48', 1336, 'Male', 'False'),
(302, 2, 69, '05:53:16', 794, 'Male', 'False'),
(303, 3, 9, '03:58:10', 3523, 'Male', 'False'),
(304, 4, 45, '02:56:31', 3246, 'Male', 'True'),
(305, 5, 66, '04:02:41', 1734, 'Male', 'False'),
(306, 6, 77, '05:52:28', 2397, 'Male', 'False'),
(307, 7, 83, '05:47:48', 3033, 'Male', 'False'),
(308, 8, 41, '05:20:00', 2472, 'Male', 'False'),
(309, 9, 73, '04:04:31', 1910, 'Female', 'False'),
(310, 10, 6, '04:24:42', 1373, 'Female', 'False'),
(311, 11, 35, '05:19:58', 4866, 'Female', 'False'),
(312, 12, 77, '03:54:12', 2442, 'Male', 'False'),
(313, 1, 42, '02:03:02', 215, 'Female', 'True'),
(314, 2, 75, '02:45:16', 1766, 'Male', 'True'),
(315, 3, 61, '02:28:49', 1460, 'Female', 'True'),
(316, 4, 79, '05:11:44', 3590, 'Female', 'False'),
(317, 5, 28, '05:58:27', 2721, 'Female', 'False'),
(318, 6, 34, '03:26:22', 1514, 'Male', 'False'),
(319, 7, 87, '03:12:11', 1979, 'Female', 'False'),
(320, 8, 33, '02:57:59', 3997, 'Male', 'True'),
(321, 9, 37, '04:55:08', 4067, 'Female', 'False'),
(322, 10, 12, '02:07:09', 2548, 'Male', 'True'),
(323, 11, 2, '02:22:52', 1264, 'Male', 'True'),
(324, 12, 44, '04:00:31', 3441, 'Male', 'False'),
(325, 1, 94, '02:47:32', 2994, 'Male', 'True'),
(326, 2, 60, '02:30:20', 3847, 'Female', 'True'),
(327, 3, 30, '03:10:41', 2240, 'Male', 'False'),
(328, 4, 55, '03:44:00', 2821, 'Male', 'False'),
(329, 5, 19, '04:29:06', 1259, 'Female', 'False'),
(330, 6, 16, '03:46:31', 2547, 'Female', 'False'),
(331, 7, 22, '02:22:54', 2005, 'Male', 'True'),
(332, 8, 71, '02:48:42', 17, 'Female', 'True'),
(333, 9, 68, '05:02:00', 3093, 'Female', 'False'),
(334, 10, 49, '03:46:42', 2042, 'Female', 'False'),
(335, 11, 67, '05:37:39', 4423, 'Female', 'False'),
(336, 12, 42, '04:18:01', 1453, 'Female', 'False'),
(337, 1, 39, '04:42:12', 4569, 'Female', 'False'),
(338, 2, 48, '03:56:29', 1769, 'Male', 'False'),
(339, 3, 19, '02:30:50', 391, 'Female', 'True'),
(340, 4, 99, '03:04:18', 3354, 'Female', 'False'),
(341, 5, 1, '03:51:35', 1317, 'Male', 'False'),
(342, 6, 54, '04:50:58', 4353, 'Male', 'False'),
(343, 7, 30, '05:24:02', 543, 'Male', 'False'),
(344, 8, 98, '05:31:18', 1654, 'Male', 'False'),
(345, 9, 43, '04:17:40', 4144, 'Male', 'False'),
(346, 10, 17, '05:02:02', 4372, 'Male', 'False'),
(347, 11, 23, '05:17:31', 50, 'Female', 'False'),
(348, 12, 32, '04:21:24', 3273, 'Male', 'False'),
(349, 1, 71, '02:35:37', 1703, 'Female', 'True'),
(350, 2, 57, '02:44:27', 3750, 'Male', 'True'),
(351, 3, 57, '05:12:03', 4162, 'Male', 'False'),
(352, 4, 34, '02:57:43', 2482, 'Male', 'True'),
(353, 5, 44, '03:22:55', 4374, 'Male', 'False'),
(354, 6, 58, '03:55:27', 3173, 'Male', 'False'),
(355, 7, 15, '03:23:51', 4317, 'Male', 'False'),
(356, 8, 85, '05:50:52', 1873, 'Male', 'False'),
(357, 9, 93, '04:07:59', 4839, 'Male', 'False'),
(358, 10, 68, '05:37:48', 591, 'Female', 'False'),
(359, 11, 68, '05:01:07', 1461, 'Female', 'False'),
(360, 12, 67, '05:52:05', 910, 'Female', 'False'),
(361, 1, 6, '02:38:58', 1673, 'Female', 'True'),
(362, 2, 10, '05:42:15', 4373, 'Male', 'False'),
(363, 3, 55, '05:31:14', 3488, 'Male', 'False'),
(364, 4, 10, '02:17:12', 2542, 'Male', 'True'),
(365, 5, 86, '03:15:16', 2211, 'Male', 'False'),
(366, 6, 3, '03:08:25', 2239, 'Male', 'False'),
(367, 7, 76, '02:35:13', 1896, 'Female', 'True'),
(368, 8, 88, '02:00:48', 2794, 'Male', 'True'),
(369, 9, 20, '02:13:30', 4218, 'Female', 'True'),
(370, 10, 59, '03:09:00', 3346, 'Female', 'False'),
(371, 11, 62, '03:48:08', 3956, 'Female', 'False'),
(372, 12, 96, '05:12:51', 1988, 'Female', 'False'),
(373, 1, 47, '02:39:17', 873, 'Female', 'True'),
(374, 2, 61, '05:33:42', 2881, 'Female', 'False'),
(375, 3, 15, '02:21:22', 812, 'Male', 'True'),
(376, 4, 6, '02:31:57', 3534, 'Female', 'True'),
(377, 5, 47, '03:41:03', 443, 'Female', 'False'),
(378, 6, 74, '03:32:31', 1911, 'Male', 'False'),
(379, 7, 18, '04:07:07', 2078, 'Female', 'False'),
(380, 8, 54, '04:22:02', 33, 'Male', 'False'),
(381, 9, 57, '03:17:32', 1553, 'Male', 'False'),
(382, 10, 73, '05:41:43', 1764, 'Female', 'False'),
(383, 11, 50, '04:52:49', 3466, 'Male', 'False'),
(384, 12, 60, '05:54:34', 523, 'Female', 'False'),
(385, 1, 23, '03:53:12', 1536, 'Female', 'False'),
(386, 2, 89, '05:42:05', 577, 'Male', 'False'),
(387, 3, 5, '05:51:32', 3732, 'Female', 'False'),
(388, 4, 19, '02:21:57', 4005, 'Female', 'True'),
(389, 5, 14, '04:51:16', 3283, 'Female', 'False'),
(390, 6, 11, '02:09:04', 3084, 'Female', 'True'),
(391, 7, 94, '05:28:13', 3102, 'Male', 'False'),
(392, 8, 83, '03:59:19', 3311, 'Male', 'False'),
(393, 9, 59, '05:05:59', 3965, 'Female', 'False'),
(394, 10, 70, '03:21:37', 177, 'Female', 'False'),
(395, 11, 69, '02:51:10', 3173, 'Male', 'True'),
(396, 12, 66, '05:03:03', 200, 'Male', 'False'),
(397, 1, 4, '03:58:39', 2806, 'Female', 'False'),
(398, 2, 94, '03:03:29', 1396, 'Male', 'False'),
(399, 3, 89, '03:12:39', 2665, 'Male', 'False'),
(400, 4, 25, '02:32:15', 2220, 'Female', 'True'),
(401, 5, 15, '05:38:09', 3180, 'Male', 'False'),
(402, 6, 47, '02:13:54', 1787, 'Female', 'True'),
(403, 7, 10, '05:00:05', 4088, 'Male', 'False'),
(404, 8, 11, '04:16:58', 4964, 'Female', 'False'),
(405, 9, 72, '04:54:02', 923, 'Male', 'False'),
(406, 10, 83, '03:36:28', 225, 'Male', 'False'),
(407, 11, 22, '05:09:53', 3223, 'Male', 'False'),
(408, 12, 84, '02:16:31', 4087, 'Male', 'True'),
(409, 1, 96, '04:37:08', 573, 'Female', 'False'),
(410, 2, 82, '04:06:31', 4063, 'Male', 'False'),
(411, 3, 76, '02:28:29', 4531, 'Female', 'True'),
(412, 4, 74, '05:22:33', 2370, 'Male', 'False'),
(413, 5, 63, '02:53:12', 2845, 'Female', 'True'),
(414, 6, 8, '05:41:49', 1785, 'Female', 'False'),
(415, 7, 95, '04:30:45', 4307, 'Female', 'False'),
(416, 8, 52, '05:43:09', 4945, 'Male', 'False'),
(417, 9, 64, '02:04:54', 4293, 'Male', 'True'),
(418, 10, 66, '05:42:28', 2445, 'Male', 'False'),
(419, 11, 73, '05:17:47', 1879, 'Female', 'False'),
(420, 12, 93, '02:43:32', 881, 'Male', 'True'),
(421, 1, 2, '02:19:34', 2633, 'Male', 'True'),
(422, 2, 74, '04:18:40', 1382, 'Male', 'False'),
(423, 3, 34, '05:54:17', 1280, 'Male', 'False'),
(424, 4, 66, '03:46:31', 1230, 'Male', 'False'),
(425, 5, 52, '04:52:25', 407, 'Male', 'False'),
(426, 6, 24, '02:12:20', 3621, 'Female', 'True'),
(427, 7, 36, '04:25:11', 48, 'Female', 'False'),
(428, 8, 73, '04:06:06', 1611, 'Female', 'False'),
(429, 9, 4, '03:13:35', 3843, 'Female', 'False'),
(430, 10, 74, '03:41:07', 1001, 'Male', 'False'),
(431, 11, 38, '02:53:19', 2932, 'Female', 'True'),
(432, 12, 41, '05:19:54', 2912, 'Male', 'False'),
(433, 1, 67, '02:13:01', 1360, 'Female', 'True'),
(434, 2, 77, '05:22:27', 2056, 'Male', 'False'),
(435, 3, 48, '05:33:24', 3118, 'Male', 'False'),
(436, 4, 8, '03:06:59', 206, 'Female', 'False'),
(437, 5, 51, '03:59:38', 468, 'Male', 'False'),
(438, 6, 56, '04:25:05', 2166, 'Male', 'False'),
(439, 7, 51, '04:18:38', 2553, 'Male', 'False'),
(440, 8, 68, '04:15:59', 3400, 'Female', 'False'),
(441, 9, 21, '05:25:50', 2700, 'Male', 'False'),
(442, 10, 90, '03:53:10', 955, 'Male', 'False'),
(443, 11, 26, '04:42:00', 2553, 'Female', 'False'),
(444, 12, 80, '05:19:57', 1184, 'Female', 'False'),
(445, 1, 40, '04:29:15', 2406, 'Female', 'False'),
(446, 2, 3, '05:37:10', 761, 'Male', 'False'),
(447, 3, 38, '05:53:23', 1080, 'Female', 'False'),
(448, 4, 46, '02:44:06', 711, 'Female', 'True'),
(449, 5, 30, '04:50:52', 3892, 'Male', 'False'),
(450, 6, 87, '03:43:39', 4214, 'Female', 'False'),
(451, 7, 64, '03:59:01', 924, 'Male', 'False'),
(452, 8, 89, '05:15:12', 4284, 'Male', 'False'),
(453, 9, 13, '05:26:21', 221, 'Male', 'False'),
(454, 10, 69, '02:44:12', 2203, 'Male', 'True'),
(455, 11, 88, '02:28:45', 4522, 'Male', 'True'),
(456, 12, 94, '05:42:29', 4642, 'Male', 'False'),
(457, 1, 91, '03:06:08', 2267, 'Male', 'False'),
(458, 2, 58, '03:18:49', 1056, 'Male', 'False'),
(459, 3, 90, '04:53:54', 3195, 'Male', 'False'),
(460, 4, 39, '03:26:29', 4893, 'Female', 'False'),
(461, 5, 58, '02:13:10', 4493, 'Male', 'True'),
(462, 6, 36, '05:18:11', 3104, 'Female', 'False'),
(463, 7, 23, '03:19:38', 246, 'Female', 'False'),
(464, 8, 67, '03:41:37', 1038, 'Female', 'False'),
(465, 9, 22, '04:23:05', 2169, 'Male', 'False'),
(466, 10, 20, '05:21:45', 1612, 'Female', 'False'),
(467, 11, 85, '02:31:00', 1648, 'Male', 'True'),
(468, 12, 78, '04:17:54', 1184, 'Male', 'False'),
(469, 1, 75, '04:16:53', 3216, 'Male', 'False'),
(470, 2, 85, '05:42:37', 4029, 'Male', 'False'),
(471, 3, 83, '03:48:47', 2951, 'Male', 'False'),
(472, 4, 52, '04:08:41', 4682, 'Male', 'False'),
(473, 5, 21, '02:33:47', 2470, 'Male', 'True'),
(474, 6, 25, '04:09:57', 4387, 'Female', 'False'),
(475, 7, 52, '02:35:55', 888, 'Male', 'True'),
(476, 8, 12, '04:31:50', 2477, 'Male', 'False'),
(477, 9, 30, '05:05:57', 502, 'Male', 'False'),
(478, 10, 96, '04:05:21', 478, 'Female', 'False'),
(479, 11, 87, '05:58:02', 3293, 'Female', 'False'),
(480, 12, 85, '04:39:04', 3569, 'Male', 'False'),
(481, 1, 88, '03:41:24', 602, 'Male', 'False'),
(482, 2, 15, '02:32:35', 2841, 'Male', 'True'),
(483, 3, 42, '02:45:20', 3635, 'Female', 'True'),
(484, 4, 61, '05:26:55', 2655, 'Female', 'False'),
(485, 5, 99, '03:34:28', 1800, 'Female', 'False'),
(486, 6, 18, '05:21:43', 220, 'Female', 'False'),
(487, 7, 39, '03:11:56', 2052, 'Female', 'False'),
(488, 8, 40, '02:43:39', 725, 'Female', 'True'),
(489, 9, 16, '05:12:30', 3482, 'Female', 'False'),
(490, 10, 21, '03:42:08', 3216, 'Male', 'False'),
(491, 11, 47, '02:16:20', 829, 'Female', 'True'),
(492, 12, 3, '05:50:17', 3416, 'Male', 'False'),
(493, 1, 66, '04:24:31', 856, 'Male', 'False'),
(494, 2, 18, '03:22:16', 1320, 'Female', 'False'),
(495, 3, 98, '04:47:22', 4291, 'Male', 'False'),
(496, 4, 75, '05:50:52', 4850, 'Male', 'False'),
(497, 5, 33, '03:19:15', 2259, 'Male', 'False'),
(498, 6, 7, '02:54:56', 564, 'Male', 'True'),
(499, 7, 77, '02:39:01', 2415, 'Male', 'True'),
(500, 8, 3, '02:50:53', 1061, 'Male', 'True'),
(501, 9, 7, '02:36:21', 871, 'Male', 'True'),
(502, 10, 23, '03:45:44', 4461, 'Female', 'False'),
(503, 11, 27, '04:15:37', 3063, 'Male', 'False'),
(504, 12, 16, '02:16:25', 332, 'Female', 'True'),
(505, 1, 5, '02:02:13', 896, 'Female', 'True'),
(506, 2, 26, '04:49:57', 2561, 'Female', 'False'),
(507, 3, 21, '05:15:59', 2778, 'Male', 'False'),
(508, 4, 78, '05:18:08', 2828, 'Male', 'False'),
(509, 5, 53, '02:10:52', 1312, 'Female', 'True'),
(510, 6, 17, '02:29:04', 2399, 'Male', 'True'),
(511, 7, 16, '05:42:20', 432, 'Female', 'False'),
(512, 8, 70, '04:20:44', 3858, 'Female', 'False'),
(513, 9, 19, '04:10:47', 1188, 'Female', 'False'),
(514, 10, 36, '04:44:36', 4116, 'Female', 'False'),
(515, 11, 14, '02:43:13', 4411, 'Female', 'True'),
(516, 12, 71, '02:45:24', 2839, 'Female', 'True'),
(517, 1, 11, '04:07:32', 3849, 'Female', 'False'),
(518, 2, 79, '04:01:39', 1086, 'Female', 'False'),
(519, 3, 99, '04:22:05', 378, 'Female', 'False'),
(520, 4, 80, '05:02:42', 3051, 'Female', 'False'),
(521, 5, 40, '04:11:38', 539, 'Female', 'False'),
(522, 6, 35, '02:51:58', 3807, 'Female', 'True'),
(523, 7, 86, '05:02:08', 2646, 'Male', 'False'),
(524, 8, 30, '02:30:58', 2023, 'Male', 'True'),
(525, 9, 24, '02:23:44', 3967, 'Female', 'True'),
(526, 10, 53, '02:53:45', 893, 'Female', 'True'),
(527, 11, 1, '03:24:04', 317, 'Male', 'False'),
(528, 12, 30, '02:26:34', 2929, 'Male', 'True'),
(529, 1, 25, '04:31:56', 4473, 'Female', 'False'),
(530, 2, 73, '02:42:02', 623, 'Female', 'True'),
(531, 3, 3, '04:38:41', 3511, 'Male', 'False'),
(532, 4, 63, '04:01:00', 1358, 'Female', 'False'),
(533, 5, 26, '02:13:33', 2971, 'Female', 'True'),
(534, 6, 27, '04:03:20', 4490, 'Male', 'False'),
(535, 7, 66, '03:02:17', 3911, 'Male', 'False'),
(536, 8, 100, '03:08:59', 2420, 'Male', 'False'),
(537, 9, 15, '05:22:12', 2768, 'Male', 'False'),
(538, 10, 86, '04:04:14', 2054, 'Male', 'False'),
(539, 11, 89, '02:20:13', 2115, 'Male', 'True'),
(540, 12, 1, '05:04:32', 871, 'Male', 'False'),
(541, 1, 35, '04:20:20', 1026, 'Female', 'False'),
(542, 2, 100, '05:59:57', 3943, 'Male', 'False'),
(543, 3, 63, '04:44:47', 1580, 'Female', 'False'),
(544, 4, 5, '04:12:11', 1931, 'Female', 'False'),
(545, 5, 85, '02:50:41', 1008, 'Male', 'True'),
(546, 6, 98, '05:01:56', 2986, 'Male', 'False'),
(547, 7, 92, '04:59:41', 1682, 'Female', 'False'),
(548, 8, 69, '04:28:01', 1654, 'Male', 'False'),
(549, 9, 50, '03:18:19', 2932, 'Male', 'False'),
(550, 10, 10, '05:54:07', 920, 'Male', 'False'),
(551, 11, 28, '02:28:19', 3827, 'Female', 'True'),
(552, 12, 73, '04:18:28', 996, 'Female', 'False'),
(553, 1, 44, '05:05:05', 2398, 'Male', 'False'),
(554, 2, 56, '04:55:39', 2986, 'Male', 'False'),
(555, 3, 20, '02:06:29', 4513, 'Female', 'True'),
(556, 4, 76, '03:19:50', 4298, 'Female', 'False'),
(557, 5, 88, '02:38:56', 2548, 'Male', 'True'),
(558, 6, 59, '02:24:26', 4375, 'Female', 'True'),
(559, 7, 44, '04:54:10', 2146, 'Male', 'False'),
(560, 8, 42, '02:58:33', 4137, 'Female', 'True'),
(561, 9, 40, '03:04:31', 1021, 'Female', 'False'),
(562, 10, 16, '04:15:20', 4399, 'Female', 'False'),
(563, 11, 32, '05:35:09', 4845, 'Male', 'False'),
(564, 12, 58, '04:13:46', 1359, 'Male', 'False'),
(565, 1, 63, '04:06:11', 1746, 'Female', 'False'),
(566, 2, 91, '02:02:23', 2539, 'Male', 'True'),
(567, 3, 58, '04:15:53', 1580, 'Male', 'False'),
(568, 4, 57, '02:30:41', 2745, 'Male', 'True'),
(569, 5, 73, '02:05:03', 1525, 'Female', 'True'),
(570, 6, 76, '04:32:14', 4328, 'Female', 'False'),
(571, 7, 25, '02:53:26', 2572, 'Female', 'True'),
(572, 8, 75, '05:02:33', 902, 'Male', 'False'),
(573, 9, 86, '04:20:42', 3549, 'Male', 'False'),
(574, 10, 61, '03:10:16', 3163, 'Female', 'False'),
(575, 11, 18, '05:20:01', 1634, 'Female', 'False'),
(576, 12, 69, '03:35:17', 3847, 'Male', 'False'),
(577, 1, 99, '03:37:52', 795, 'Female', 'False'),
(578, 2, 32, '03:47:41', 2761, 'Male', 'False'),
(579, 3, 51, '05:45:12', 4660, 'Male', 'False'),
(580, 4, 59, '05:00:42', 1921, 'Female', 'False'),
(581, 5, 75, '04:08:08', 4727, 'Male', 'False'),
(582, 6, 38, '05:24:05', 429, 'Female', 'False'),
(583, 7, 31, '02:52:30', 169, 'Male', 'True'),
(584, 8, 47, '05:33:52', 4566, 'Female', 'False'),
(585, 9, 91, '04:13:35', 2654, 'Male', 'False'),
(586, 10, 79, '02:54:11', 2708, 'Female', 'True'),
(587, 11, 51, '02:00:44', 657, 'Male', 'True'),
(588, 12, 55, '04:50:21', 4449, 'Male', 'False'),
(589, 1, 38, '05:32:26', 499, 'Female', 'False'),
(590, 2, 78, '05:02:34', 1549, 'Male', 'False'),
(591, 3, 14, '03:39:30', 2050, 'Female', 'False'),
(592, 4, 48, '02:50:00', 103, 'Male', 'True'),
(593, 5, 95, '02:54:40', 2653, 'Female', 'True'),
(594, 6, 13, '04:01:39', 4231, 'Male', 'False'),
(595, 7, 88, '05:24:35', 3906, 'Male', 'False'),
(596, 8, 5, '02:39:57', 3777, 'Female', 'True'),
(597, 9, 66, '03:10:33', 786, 'Male', 'False'),
(598, 10, 82, '04:30:22', 3223, 'Male', 'False'),
(599, 11, 13, '05:58:24', 3647, 'Male', 'False'),
(600, 12, 48, '02:08:37', 3558, 'Male', 'True'),
(601, 1, 65, '02:55:48', 1562, 'Female', 'True'),
(602, 2, 20, '02:22:37', 1300, 'Female', 'True'),
(603, 3, 53, '04:29:04', 1221, 'Female', 'False'),
(604, 4, 88, '05:12:12', 155, 'Male', 'False'),
(605, 5, 94, '04:28:15', 4602, 'Male', 'False'),
(606, 6, 83, '05:36:28', 1751, 'Male', 'False'),
(607, 7, 33, '05:45:19', 3294, 'Male', 'False'),
(608, 8, 20, '05:09:01', 3507, 'Female', 'False'),
(609, 9, 79, '04:10:37', 4016, 'Female', 'False'),
(610, 10, 33, '05:42:47', 2405, 'Male', 'False'),
(611, 11, 36, '04:28:09', 4803, 'Female', 'False'),
(612, 12, 92, '02:39:27', 1099, 'Female', 'True'),
(613, 1, 30, '02:00:02', 3583, 'Male', 'True'),
(614, 2, 54, '04:47:37', 4242, 'Male', 'False'),
(615, 3, 69, '05:24:43', 4940, 'Male', 'False'),
(616, 4, 98, '03:40:57', 541, 'Male', 'False'),
(617, 5, 35, '02:23:39', 2047, 'Female', 'True'),
(618, 6, 29, '02:41:11', 2897, 'Male', 'True'),
(619, 7, 59, '03:56:20', 4648, 'Female', 'False'),
(620, 8, 45, '04:19:13', 3320, 'Male', 'False'),
(621, 9, 87, '02:14:57', 350, 'Female', 'True'),
(622, 10, 80, '02:22:58', 4289, 'Female', 'True'),
(623, 11, 94, '02:09:22', 2492, 'Male', 'True'),
(624, 12, 81, '05:58:38', 2909, 'Male', 'False'),
(625, 1, 56, '02:20:44', 3313, 'Male', 'True'),
(626, 2, 27, '04:56:51', 273, 'Male', 'False'),
(627, 3, 46, '04:32:58', 2083, 'Female', 'False'),
(628, 4, 9, '05:01:53', 2412, 'Male', 'False'),
(629, 5, 32, '02:48:59', 1278, 'Male', 'True'),
(630, 6, 91, '03:45:56', 1465, 'Male', 'False'),
(631, 7, 49, '03:06:45', 4847, 'Female', 'False'),
(632, 8, 65, '04:19:24', 3825, 'Female', 'False'),
(633, 9, 98, '04:15:14', 1612, 'Male', 'False'),
(634, 10, 22, '05:27:40', 2899, 'Male', 'False'),
(635, 11, 52, '03:08:00', 2436, 'Male', 'False'),
(636, 12, 45, '04:32:59', 4946, 'Male', 'False'),
(637, 1, 68, '02:35:21', 3679, 'Female', 'True'),
(638, 2, 37, '04:46:12', 4681, 'Female', 'False'),
(639, 3, 2, '05:02:39', 1661, 'Male', 'False'),
(640, 4, 47, '03:38:43', 540, 'Female', 'False'),
(641, 5, 56, '04:04:12', 3405, 'Male', 'False'),
(642, 6, 46, '02:51:33', 416, 'Female', 'True'),
(643, 7, 50, '03:35:41', 458, 'Male', 'False'),
(644, 8, 57, '05:41:22', 2775, 'Male', 'False'),
(645, 9, 6, '04:31:58', 888, 'Female', 'False'),
(646, 10, 29, '03:37:27', 1376, 'Male', 'False'),
(647, 11, 10, '05:43:48', 315, 'Male', 'False'),
(648, 12, 34, '05:24:18', 1407, 'Male', 'False'),
(649, 1, 41, '02:01:44', 2471, 'Male', 'True'),
(650, 2, 1, '02:55:57', 4601, 'Male', 'True'),
(651, 3, 52, '04:26:17', 645, 'Male', 'False'),
(652, 4, 15, '04:16:01', 3371, 'Male', 'False'),
(653, 5, 76, '05:44:57', 1833, 'Female', 'False'),
(654, 6, 66, '02:21:09', 1186, 'Male', 'True'),
(655, 7, 47, '03:26:27', 3558, 'Female', 'False'),
(656, 8, 84, '05:07:38', 2965, 'Male', 'False'),
(657, 9, 67, '03:08:28', 1535, 'Female', 'False'),
(658, 10, 1, '05:28:15', 4546, 'Male', 'False'),
(659, 11, 100, '02:07:44', 3527, 'Male', 'True'),
(660, 12, 8, '04:55:11', 3505, 'Female', 'False'),
(661, 1, 48, '05:32:20', 2998, 'Male', 'False'),
(662, 2, 5, '05:17:29', 2110, 'Female', 'False'),
(663, 3, 86, '02:32:59', 4173, 'Male', 'True'),
(664, 4, 21, '02:26:29', 1224, 'Male', 'True'),
(665, 5, 72, '03:59:00', 2272, 'Male', 'False'),
(666, 6, 4, '04:27:14', 2183, 'Female', 'False'),
(667, 7, 78, '03:28:05', 347, 'Male', 'False'),
(668, 8, 39, '03:36:17', 2605, 'Female', 'False'),
(669, 9, 53, '05:54:06', 2952, 'Female', 'False'),
(670, 10, 71, '05:08:44', 4480, 'Female', 'False'),
(671, 11, 44, '05:13:17', 2027, 'Male', 'False'),
(672, 12, 63, '04:33:47', 4055, 'Female', 'False'),
(673, 1, 58, '04:53:38', 1360, 'Male', 'False'),
(674, 2, 41, '02:23:40', 450, 'Male', 'True'),
(675, 3, 25, '05:03:59', 4882, 'Female', 'False'),
(676, 4, 20, '04:30:53', 748, 'Female', 'False'),
(677, 5, 79, '03:28:27', 4662, 'Female', 'False'),
(678, 6, 37, '03:08:22', 1598, 'Female', 'False'),
(679, 7, 73, '04:19:55', 1413, 'Female', 'False'),
(680, 8, 38, '02:22:52', 477, 'Female', 'True'),
(681, 9, 100, '03:13:46', 2125, 'Male', 'False'),
(682, 10, 18, '04:09:29', 4996, 'Female', 'False'),
(683, 11, 34, '03:06:59', 3427, 'Male', 'False'),
(684, 12, 61, '02:13:34', 458, 'Female', 'True'),
(685, 1, 17, '03:50:16', 4169, 'Male', 'False'),
(686, 2, 96, '02:30:24', 2646, 'Female', 'True'),
(687, 3, 56, '04:15:06', 2922, 'Male', 'False'),
(688, 4, 26, '02:32:08', 4519, 'Female', 'True'),
(689, 5, 78, '03:47:20', 1953, 'Male', 'False'),
(690, 6, 31, '02:12:05', 3366, 'Male', 'True'),
(691, 7, 42, '03:09:58', 2355, 'Female', 'False'),
(692, 8, 76, '03:22:41', 3531, 'Female', 'False'),
(693, 9, 5, '02:30:13', 3947, 'Female', 'True'),
(694, 10, 34, '02:34:47', 352, 'Male', 'True'),
(695, 11, 41, '02:10:36', 4288, 'Male', 'True'),
(696, 12, 56, '05:42:02', 3891, 'Male', 'False'),
(697, 1, 83, '04:29:06', 942, 'Male', 'False'),
(698, 2, 30, '03:03:31', 2296, 'Male', 'False'),
(699, 3, 78, '05:49:54', 568, 'Male', 'False'),
(700, 4, 30, '05:41:07', 684, 'Male', 'False'),
(701, 5, 12, '04:22:23', 3959, 'Male', 'False'),
(702, 6, 32, '03:13:14', 1104, 'Male', 'False'),
(703, 7, 6, '03:45:17', 562, 'Female', 'False'),
(704, 8, 24, '02:11:36', 4755, 'Female', 'True'),
(705, 9, 80, '05:23:03', 3200, 'Female', 'False'),
(706, 10, 47, '02:38:25', 3773, 'Female', 'True'),
(707, 11, 6, '02:15:46', 4869, 'Female', 'True'),
(708, 12, 15, '02:51:59', 4810, 'Male', 'True'),
(709, 1, 85, '04:23:52', 4706, 'Male', 'False'),
(710, 2, 14, '02:00:33', 329, 'Female', 'True'),
(711, 3, 54, '03:40:09', 587, 'Male', 'False'),
(712, 4, 73, '04:38:36', 2063, 'Female', 'False'),
(713, 5, 4, '05:47:12', 56, 'Female', 'False'),
(714, 6, 80, '04:55:05', 1746, 'Female', 'False'),
(715, 7, 93, '05:34:35', 3804, 'Male', 'False'),
(716, 8, 32, '05:37:34', 1626, 'Male', 'False'),
(717, 9, 76, '03:34:17', 4294, 'Female', 'False'),
(718, 10, 75, '03:48:09', 2615, 'Male', 'False'),
(719, 11, 5, '05:47:20', 1886, 'Female', 'False'),
(720, 12, 100, '02:38:55', 1386, 'Male', 'True'),
(721, 1, 32, '05:01:41', 4343, 'Male', 'False'),
(722, 2, 50, '04:40:51', 3822, 'Male', 'False'),
(723, 3, 39, '03:01:18', 2617, 'Female', 'False'),
(724, 4, 28, '03:00:26', 491, 'Female', 'False'),
(725, 5, 92, '05:14:15', 3955, 'Female', 'False'),
(726, 6, 69, '02:39:56', 3314, 'Male', 'True'),
(727, 7, 100, '02:55:16', 2151, 'Male', 'True'),
(728, 8, 34, '02:57:21', 1782, 'Male', 'True'),
(729, 9, 23, '05:07:20', 4356, 'Female', 'False'),
(730, 10, 97, '04:04:05', 2263, 'Female', 'False'),
(731, 11, 46, '04:55:07', 4249, 'Female', 'False'),
(732, 12, 46, '02:36:20', 4169, 'Female', 'True'),
(733, 1, 50, '04:23:03', 4444, 'Male', 'False'),
(734, 2, 63, '02:30:10', 1672, 'Female', 'True'),
(735, 3, 96, '03:32:43', 650, 'Female', 'False'),
(736, 4, 70, '02:45:24', 152, 'Female', 'True'),
(737, 5, 27, '04:02:58', 2434, 'Male', 'False'),
(738, 6, 15, '04:54:30', 621, 'Male', 'False'),
(739, 7, 11, '05:23:47', 1985, 'Female', 'False'),
(740, 8, 43, '02:20:10', 1102, 'Male', 'True'),
(741, 9, 14, '05:32:21', 2748, 'Female', 'False'),
(742, 10, 67, '05:41:27', 4048, 'Female', 'False'),
(743, 11, 42, '04:32:51', 1690, 'Female', 'False'),
(744, 12, 37, '04:28:59', 1586, 'Female', 'False'),
(745, 1, 7, '04:45:27', 917, 'Male', 'False'),
(746, 2, 93, '04:17:23', 830, 'Male', 'False'),
(747, 3, 49, '02:15:23', 4247, 'Female', 'True'),
(748, 4, 23, '04:05:10', 949, 'Female', 'False'),
(749, 5, 5, '04:40:33', 4882, 'Female', 'False'),
(750, 6, 95, '02:05:33', 687, 'Female', 'True'),
(751, 7, 99, '02:21:08', 835, 'Female', 'True'),
(752, 8, 36, '04:33:01', 3917, 'Female', 'False'),
(753, 9, 8, '03:24:22', 439, 'Female', 'False'),
(754, 10, 65, '03:47:17', 3633, 'Female', 'False'),
(755, 11, 29, '04:42:33', 1555, 'Male', 'False'),
(756, 12, 90, '04:07:52', 1130, 'Male', 'False'),
(757, 1, 33, '02:59:05', 3979, 'Male', 'True'),
(758, 2, 76, '03:25:17', 1678, 'Female', 'False'),
(759, 3, 72, '04:33:32', 2570, 'Male', 'False'),
(760, 4, 7, '02:19:20', 1468, 'Male', 'True'),
(761, 5, 90, '04:11:03', 3147, 'Male', 'False'),
(762, 6, 22, '03:05:41', 1921, 'Male', 'False'),
(763, 7, 38, '04:26:34', 652, 'Female', 'False'),
(764, 8, 44, '02:18:58', 4006, 'Male', 'True'),
(765, 9, 52, '03:38:59', 916, 'Male', 'False'),
(766, 10, 39, '04:02:08', 4092, 'Female', 'False'),
(767, 11, 71, '02:45:16', 3450, 'Female', 'True'),
(768, 12, 21, '05:45:48', 1607, 'Male', 'False'),
(769, 1, 55, '03:13:41', 927, 'Male', 'False'),
(770, 2, 97, '03:17:03', 2505, 'Female', 'False'),
(771, 3, 27, '03:12:48', 1822, 'Male', 'False'),
(772, 4, 82, '04:25:22', 3451, 'Male', 'False'),
(773, 5, 43, '04:12:38', 4439, 'Male', 'False'),
(774, 6, 67, '03:51:39', 491, 'Female', 'False'),
(775, 7, 17, '05:42:54', 3574, 'Male', 'False'),
(776, 8, 23, '03:29:14', 1542, 'Female', 'False'),
(777, 9, 99, '04:34:57', 2, 'Female', 'False'),
(778, 10, 25, '05:28:52', 1875, 'Female', 'False'),
(779, 11, 39, '02:50:12', 1114, 'Female', 'True'),
(780, 12, 5, '02:13:34', 4342, 'Female', 'True'),
(781, 1, 20, '03:14:48', 1626, 'Female', 'False'),
(782, 2, 44, '03:19:52', 3819, 'Male', 'False'),
(783, 3, 85, '02:23:13', 1632, 'Male', 'True'),
(784, 4, 32, '05:22:47', 2889, 'Male', 'False'),
(785, 5, 57, '04:04:08', 4595, 'Male', 'False'),
(786, 6, 75, '05:24:03', 4791, 'Male', 'False'),
(787, 7, 61, '02:41:09', 3968, 'Female', 'True'),
(788, 8, 51, '03:54:20', 1548, 'Male', 'False'),
(789, 9, 54, '02:24:47', 4957, 'Male', 'True'),
(790, 10, 48, '04:02:03', 1984, 'Male', 'False'),
(791, 11, 95, '05:59:11', 82, 'Female', 'False'),
(792, 12, 72, '02:14:58', 195, 'Male', 'True'),
(793, 1, 43, '03:21:45', 272, 'Male', 'False'),
(794, 2, 13, '02:12:06', 2187, 'Male', 'True'),
(795, 3, 59, '04:22:32', 1261, 'Female', 'False'),
(796, 4, 67, '02:47:52', 4815, 'Female', 'True'),
(797, 5, 23, '03:53:47', 2336, 'Female', 'False'),
(798, 6, 97, '04:07:52', 1694, 'Female', 'False'),
(799, 7, 53, '04:15:38', 2830, 'Female', 'False'),
(800, 8, 60, '02:11:45', 825, 'Female', 'True'),
(801, 9, 36, '03:18:09', 1207, 'Female', 'False'),
(802, 10, 8, '04:36:55', 274, 'Female', 'False'),
(803, 11, 7, '02:22:34', 4812, 'Male', 'True'),
(804, 12, 76, '04:52:51', 3637, 'Female', 'False'),
(805, 1, 62, '04:51:57', 3908, 'Female', 'False'),
(806, 2, 81, '04:27:47', 4202, 'Male', 'False'),
(807, 3, 81, '04:51:13', 2241, 'Male', 'False'),
(808, 4, 85, '04:50:24', 702, 'Male', 'False'),
(809, 5, 2, '02:35:17', 1494, 'Male', 'True'),
(810, 6, 20, '04:53:48', 2483, 'Female', 'False'),
(811, 7, 97, '05:32:17', 1157, 'Female', 'False'),
(812, 8, 22, '02:16:33', 286, 'Male', 'True'),
(813, 9, 17, '03:42:44', 2538, 'Male', 'False'),
(814, 10, 42, '05:31:08', 3429, 'Female', 'False'),
(815, 11, 61, '03:41:36', 397, 'Female', 'False'),
(816, 12, 62, '02:43:37', 290, 'Female', 'True'),
(817, 1, 9, '05:01:56', 2000, 'Male', 'False'),
(818, 2, 33, '05:29:08', 1968, 'Male', 'False'),
(819, 3, 32, '04:51:40', 1386, 'Male', 'False'),
(820, 4, 16, '03:38:42', 3737, 'Female', 'False'),
(821, 5, 13, '04:06:19', 1766, 'Male', 'False'),
(822, 6, 48, '02:21:02', 3739, 'Male', 'True'),
(823, 7, 90, '02:30:28', 2211, 'Male', 'True'),
(824, 8, 78, '03:27:45', 3536, 'Male', 'False'),
(825, 9, 34, '02:32:02', 946, 'Male', 'True'),
(826, 10, 99, '03:08:50', 3171, 'Female', 'False'),
(827, 11, 59, '05:18:00', 3780, 'Female', 'False'),
(828, 12, 33, '05:15:25', 1570, 'Male', 'False'),
(829, 1, 77, '02:52:52', 29, 'Male', 'True'),
(830, 2, 68, '04:01:32', 3999, 'Female', 'False'),
(831, 3, 94, '05:57:51', 3458, 'Male', 'False'),
(832, 4, 13, '05:46:28', 396, 'Male', 'False'),
(833, 5, 69, '05:15:43', 4474, 'Male', 'False'),
(834, 6, 81, '05:03:41', 2363, 'Male', 'False'),
(835, 7, 69, '03:30:56', 3806, 'Male', 'False'),
(836, 8, 35, '05:45:15', 1368, 'Female', 'False'),
(837, 9, 42, '02:34:11', 221, 'Female', 'True'),
(838, 10, 89, '04:28:10', 62, 'Male', 'False'),
(839, 11, 12, '05:44:44', 4107, 'Male', 'False'),
(840, 12, 88, '05:31:17', 4301, 'Male', 'False'),
(841, 1, 87, '04:08:04', 2320, 'Female', 'False'),
(842, 2, 7, '05:53:35', 1746, 'Male', 'False'),
(843, 3, 12, '03:08:01', 4532, 'Male', 'False'),
(844, 4, 65, '03:28:01', 2665, 'Female', 'False'),
(845, 5, 34, '02:52:53', 1155, 'Male', 'True'),
(846, 6, 70, '05:32:48', 3922, 'Female', 'False'),
(847, 7, 3, '04:47:56', 3867, 'Male', 'False'),
(848, 8, 90, '05:46:18', 1587, 'Male', 'False'),
(849, 9, 33, '02:42:21', 3306, 'Male', 'True'),
(850, 10, 5, '02:34:38', 3711, 'Female', 'True'),
(851, 11, 8, '03:30:57', 742, 'Female', 'False'),
(852, 12, 68, '04:22:44', 544, 'Female', 'False'),
(853, 1, 78, '05:08:45', 1898, 'Male', 'False'),
(854, 2, 72, '04:21:20', 2204, 'Male', 'False'),
(855, 3, 23, '03:05:05', 3440, 'Female', 'False'),
(856, 4, 51, '05:03:07', 3811, 'Male', 'False'),
(857, 5, 54, '04:34:36', 3262, 'Male', 'False'),
(858, 6, 84, '05:48:12', 302, 'Male', 'False'),
(859, 7, 75, '04:06:04', 4889, 'Male', 'False'),
(860, 8, 92, '02:42:54', 2171, 'Female', 'True'),
(861, 9, 25, '05:28:59', 835, 'Female', 'False'),
(862, 10, 38, '04:36:36', 3677, 'Female', 'False'),
(863, 11, 64, '05:02:53', 3725, 'Male', 'False'),
(864, 12, 6, '02:13:48', 1143, 'Female', 'True'),
(865, 1, 1, '02:00:13', 4528, 'Male', 'True'),
(866, 2, 38, '02:17:04', 2680, 'Female', 'True'),
(867, 3, 73, '04:31:12', 39, 'Female', 'False'),
(868, 4, 2, '04:29:20', 2121, 'Male', 'False'),
(869, 5, 80, '05:48:15', 1207, 'Female', 'False'),
(870, 6, 96, '04:39:45', 4414, 'Female', 'False'),
(871, 7, 58, '04:12:58', 1693, 'Male', 'False'),
(872, 8, 86, '02:56:02', 3248, 'Male', 'True'),
(873, 9, 82, '04:35:32', 775, 'Male', 'False'),
(874, 10, 100, '03:23:36', 1969, 'Male', 'False'),
(875, 11, 75, '02:52:14', 946, 'Male', 'True'),
(876, 12, 25, '05:00:50', 3664, 'Female', 'False'),
(877, 1, 90, '04:39:56', 883, 'Male', 'False'),
(878, 2, 11, '04:28:54', 79, 'Female', 'False'),
(879, 3, 82, '03:40:31', 3598, 'Male', 'False'),
(880, 4, 18, '05:24:39', 4697, 'Female', 'False'),
(881, 5, 31, '03:03:06', 1561, 'Male', 'False'),
(882, 6, 49, '03:14:42', 2291, 'Female', 'False'),
(883, 7, 91, '04:48:54', 2270, 'Male', 'False'),
(884, 8, 82, '05:06:54', 4375, 'Male', 'False'),
(885, 9, 12, '05:07:01', 1303, 'Male', 'False'),
(886, 10, 35, '03:27:51', 3053, 'Female', 'False'),
(887, 11, 66, '05:28:52', 466, 'Male', 'False'),
(888, 12, 29, '03:31:32', 4871, 'Male', 'False'),
(889, 1, 93, '02:49:25', 2373, 'Male', 'True'),
(890, 2, 99, '05:34:54', 3229, 'Female', 'False'),
(891, 3, 7, '05:45:52', 2574, 'Male', 'False'),
(892, 4, 44, '05:54:13', 3862, 'Male', 'False'),
(893, 5, 42, '02:35:13', 3467, 'Female', 'True'),
(894, 6, 6, '03:20:37', 1724, 'Female', 'False'),
(895, 7, 29, '03:02:08', 1241, 'Male', 'False'),
(896, 8, 9, '05:17:27', 4493, 'Male', 'False'),
(897, 9, 49, '05:41:57', 880, 'Female', 'False'),
(898, 10, 30, '04:40:36', 4665, 'Male', 'False'),
(899, 11, 76, '04:14:33', 4830, 'Female', 'False'),
(900, 12, 40, '05:49:29', 605, 'Female', 'False'),
(901, 1, 69, '04:49:19', 4246, 'Male', 'False'),
(902, 2, 46, '03:39:36', 3055, 'Female', 'False'),
(903, 3, 79, '02:35:18', 737, 'Female', 'True'),
(904, 4, 24, '03:01:44', 3321, 'Female', 'False'),
(905, 5, 70, '04:41:39', 1377, 'Female', 'False'),
(906, 6, 64, '05:15:24', 2087, 'Male', 'False'),
(907, 7, 84, '05:59:46', 748, 'Male', 'False'),
(908, 8, 7, '03:07:50', 2855, 'Male', 'False'),
(909, 9, 58, '05:19:36', 1088, 'Male', 'False'),
(910, 10, 94, '04:55:14', 2883, 'Male', 'False'),
(911, 11, 57, '03:33:52', 2051, 'Male', 'False'),
(912, 12, 97, '02:04:29', 1573, 'Female', 'True'),
(913, 1, 16, '05:55:02', 1868, 'Female', 'False'),
(914, 2, 36, '05:55:11', 3988, 'Female', 'False'),
(915, 3, 26, '04:06:13', 2829, 'Female', 'False'),
(916, 4, 14, '02:23:12', 2686, 'Female', 'True'),
(917, 5, 59, '03:42:45', 2600, 'Female', 'False'),
(918, 6, 61, '04:08:53', 4855, 'Female', 'False'),
(919, 7, 40, '03:31:33', 2570, 'Female', 'False'),
(920, 8, 64, '04:30:58', 4009, 'Male', 'False'),
(921, 9, 75, '03:14:14', 4885, 'Male', 'False'),
(922, 10, 13, '05:19:12', 684, 'Male', 'False'),
(923, 11, 82, '05:01:02', 2221, 'Male', 'False'),
(924, 12, 53, '04:49:23', 1935, 'Female', 'False'),
(925, 1, 80, '05:27:25', 4374, 'Female', 'False'),
(926, 2, 17, '02:14:18', 2504, 'Male', 'True'),
(927, 3, 65, '03:41:57', 4756, 'Female', 'False'),
(928, 4, 29, '03:00:26', 2917, 'Male', 'False'),
(929, 5, 50, '04:19:27', 4311, 'Male', 'False'),
(930, 6, 44, '04:03:26', 2161, 'Male', 'False'),
(931, 7, 81, '05:08:34', 3241, 'Male', 'False'),
(932, 8, 79, '05:17:44', 1952, 'Female', 'False'),
(933, 9, 48, '02:56:55', 2125, 'Male', 'True'),
(934, 10, 24, '02:28:58', 2646, 'Female', 'True'),
(935, 11, 91, '03:08:32', 2137, 'Male', 'False'),
(936, 12, 18, '04:55:25', 1970, 'Female', 'False'),
(937, 1, 100, '04:46:17', 2928, 'Male', 'False'),
(938, 2, 8, '02:14:57', 2232, 'Female', 'True'),
(939, 3, 37, '02:56:13', 2380, 'Female', 'True'),
(940, 4, 86, '02:05:02', 2111, 'Male', 'True'),
(941, 5, 83, '05:30:55', 3650, 'Male', 'False'),
(942, 6, 1, '03:46:26', 1631, 'Male', 'False'),
(943, 7, 7, '03:56:48', 3675, 'Male', 'False'),
(944, 8, 87, '02:52:06', 3025, 'Female', 'True'),
(945, 9, 83, '05:18:42', 566, 'Male', 'False'),
(946, 10, 91, '03:51:55', 4017, 'Male', 'False'),
(947, 11, 78, '02:41:42', 4523, 'Male', 'True'),
(948, 12, 27, '04:50:17', 740, 'Male', 'False'),
(949, 1, 29, '02:40:04', 1861, 'Male', 'True'),
(950, 2, 98, '04:01:14', 3640, 'Male', 'False'),
(951, 3, 84, '04:20:00', 844, 'Male', 'False'),
(952, 4, 1, '02:43:45', 4289, 'Male', 'True'),
(953, 5, 17, '02:52:46', 469, 'Male', 'True'),
(954, 6, 21, '02:59:51', 2471, 'Male', 'True'),
(955, 7, 43, '04:27:21', 726, 'Male', 'False'),
(956, 8, 16, '04:48:50', 1575, 'Female', 'False'),
(957, 9, 94, '04:27:04', 3202, 'Male', 'False'),
(958, 10, 57, '05:59:41', 2680, 'Male', 'False'),
(959, 11, 16, '02:21:02', 1148, 'Female', 'True'),
(960, 12, 10, '03:44:17', 499, 'Male', 'False'),
(961, 1, 34, '02:34:46', 1283, 'Male', 'True'),
(962, 2, 22, '03:01:51', 4034, 'Male', 'False'),
(963, 3, 100, '03:57:28', 3422, 'Male', 'False'),
(964, 4, 27, '04:06:11', 3460, 'Male', 'False'),
(965, 5, 98, '05:50:15', 4778, 'Male', 'False'),
(966, 6, 45, '03:24:24', 2042, 'Male', 'False'),
(967, 7, 80, '03:54:44', 3166, 'Female', 'False'),
(968, 8, 46, '03:26:01', 3632, 'Female', 'False'),
(969, 9, 78, '02:40:49', 4899, 'Male', 'True'),
(970, 10, 88, '03:36:20', 3187, 'Male', 'False'),
(971, 11, 83, '04:54:06', 4506, 'Male', 'False'),
(972, 12, 38, '05:43:39', 3118, 'Female', 'False'),
(973, 1, 61, '02:55:36', 2980, 'Female', 'True'),
(974, 2, 16, '04:47:43', 3039, 'Female', 'False'),
(975, 3, 28, '05:03:34', 4224, 'Female', 'False'),
(976, 4, 83, '04:50:40', 630, 'Male', 'False'),
(977, 5, 41, '04:49:34', 2215, 'Male', 'False'),
(978, 6, 63, '05:43:07', 1896, 'Female', 'False'),
(979, 7, 96, '03:30:11', 840, 'Female', 'False'),
(980, 8, 66, '03:58:30', 505, 'Male', 'False'),
(981, 9, 38, '02:49:09', 690, 'Female', 'True'),
(982, 10, 76, '04:55:20', 4705, 'Female', 'False'),
(983, 11, 17, '03:33:48', 4001, 'Male', 'False'),
(984, 12, 17, '04:14:00', 3592, 'Male', 'False'),
(985, 1, 19, '04:51:42', 310, 'Female', 'False'),
(986, 2, 49, '04:13:41', 3295, 'Female', 'False'),
(987, 3, 40, '04:44:29', 4363, 'Female', 'False'),
(988, 4, 22, '04:10:22', 2930, 'Male', 'False'),
(989, 5, 67, '02:33:13', 4894, 'Female', 'True'),
(990, 6, 42, '02:32:21', 3175, 'Female', 'True'),
(991, 7, 45, '03:16:43', 996, 'Male', 'False'),
(992, 8, 4, '04:59:51', 2691, 'Female', 'False'),
(993, 9, 71, '03:56:13', 1595, 'Female', 'False'),
(994, 10, 3, '03:48:27', 1739, 'Male', 'False'),
(995, 11, 96, '02:21:18', 2, 'Female', 'True'),
(996, 12, 13, '04:45:53', 1028, 'Male', 'False'),
(997, 1, 15, '05:52:23', 1242, 'Male', 'False'),
(998, 2, 34, '02:56:30', 1400, 'Male', 'True'),
(999, 3, 13, '05:59:39', 1047, 'Male', 'False'),
(1000, 4, 71, '03:31:06', 4884, 'Female', 'False'),
(1001, 5, 82, '04:27:44', 845, 'Male', 'False'),
(1002, 6, 93, '04:47:24', 3115, 'Male', 'False'),
(1003, 7, 67, '04:47:28', 3778, 'Female', 'False'),
(1004, 8, 13, '05:08:58', 2983, 'Male', 'False'),
(1005, 9, 55, '02:15:53', 2945, 'Male', 'True'),
(1006, 10, 55, '04:39:58', 1160, 'Male', 'False'),
(1007, 11, 19, '04:20:47', 3135, 'Female', 'False'),
(1008, 12, 39, '02:24:13', 4769, 'Female', 'True'),
(1009, 1, 89, '05:59:52', 3114, 'Male', 'False'),
(1010, 2, 28, '03:53:16', 2236, 'Female', 'False'),
(1011, 3, 33, '05:17:00', 716, 'Male', 'False'),
(1012, 4, 60, '02:30:04', 4304, 'Female', 'True'),
(1013, 5, 97, '05:38:29', 108, 'Female', 'False'),
(1014, 6, 90, '03:08:42', 60, 'Male', 'False'),
(1015, 7, 57, '03:32:17', 2019, 'Male', 'False'),
(1016, 8, 18, '04:23:51', 745, 'Female', 'False'),
(1017, 9, 18, '05:20:39', 58, 'Female', 'False'),
(1018, 10, 37, '03:19:18', 3826, 'Female', 'False'),
(1019, 11, 20, '03:23:34', 1965, 'Female', 'False'),
(1020, 12, 22, '02:21:04', 463, 'Male', 'True'),
(1021, 1, 81, '02:06:18', 4058, 'Male', 'True'),
(1022, 2, 65, '04:47:19', 2584, 'Female', 'False'),
(1023, 3, 97, '02:42:36', 3480, 'Female', 'True'),
(1024, 4, 69, '05:57:13', 2437, 'Male', 'False'),
(1025, 5, 48, '05:45:05', 1339, 'Male', 'False'),
(1026, 6, 94, '03:28:35', 3307, 'Male', 'False'),
(1027, 7, 63, '02:08:51', 4610, 'Female', 'True'),
(1028, 8, 37, '05:01:41', 303, 'Female', 'False'),
(1029, 9, 62, '05:35:10', 1992, 'Female', 'False'),
(1030, 10, 31, '05:07:21', 1290, 'Male', 'False'),
(1031, 11, 15, '03:04:13', 4761, 'Male', 'False'),
(1032, 12, 51, '04:07:28', 29, 'Male', 'False'),
(1033, 1, 51, '03:57:52', 1094, 'Male', 'False'),
(1034, 2, 29, '03:45:03', 2108, 'Male', 'False'),
(1035, 3, 60, '03:52:49', 1961, 'Female', 'False'),
(1036, 4, 87, '04:17:16', 1488, 'Female', 'False'),
(1037, 5, 38, '02:57:36', 3511, 'Female', 'True'),
(1038, 6, 100, '02:52:49', 2154, 'Male', 'True'),
(1039, 7, 55, '03:20:55', 1777, 'Male', 'False'),
(1040, 8, 8, '03:03:10', 191, 'Female', 'False'),
(1041, 9, 89, '05:55:59', 3080, 'Male', 'False'),
(1042, 10, 15, '05:09:33', 2390, 'Male', 'False'),
(1043, 11, 74, '05:41:39', 1501, 'Male', 'False'),
(1044, 12, 47, '02:02:09', 1224, 'Female', 'True'),
(1045, 1, 79, '03:32:58', 4837, 'Female', 'False'),
(1046, 2, 19, '04:17:56', 1982, 'Female', 'False'),
(1047, 3, 92, '03:26:35', 3726, 'Female', 'False'),
(1048, 4, 42, '03:08:57', 4775, 'Female', 'False'),
(1049, 5, 39, '04:58:11', 1646, 'Female', 'False'),
(1050, 6, 99, '03:25:57', 623, 'Female', 'False'),
(1051, 7, 68, '04:18:29', 1454, 'Female', 'False'),
(1052, 8, 72, '02:30:47', 4586, 'Male', 'True'),
(1053, 9, 56, '02:17:18', 1714, 'Male', 'True'),
(1054, 10, 44, '05:57:22', 1782, 'Male', 'False'),
(1055, 11, 63, '05:18:19', 3181, 'Female', 'False'),
(1056, 12, 19, '03:40:17', 1665, 'Female', 'False'),
(1057, 1, 8, '05:07:45', 4715, 'Female', 'False'),
(1058, 2, 70, '03:20:35', 4978, 'Female', 'False'),
(1059, 3, 17, '02:02:50', 1270, 'Male', 'True'),
(1060, 4, 56, '02:08:39', 1334, 'Male', 'True'),
(1061, 5, 93, '02:51:14', 2728, 'Male', 'True'),
(1062, 6, 40, '05:22:49', 4929, 'Female', 'False'),
(1063, 7, 35, '03:20:33', 1664, 'Female', 'False'),
(1064, 8, 96, '05:27:30', 3263, 'Female', 'False'),
(1065, 9, 96, '04:06:49', 1706, 'Female', 'False'),
(1066, 10, 19, '03:27:01', 2632, 'Female', 'False'),
(1067, 11, 84, '02:36:08', 4425, 'Male', 'True'),
(1068, 12, 52, '03:40:12', 3678, 'Male', 'False'),
(1069, 1, 28, '03:17:34', 3975, 'Female', 'False'),
(1070, 2, 42, '03:34:58', 2266, 'Female', 'False'),
(1071, 3, 62, '03:02:48', 3795, 'Female', 'False'),
(1072, 4, 43, '03:11:21', 2124, 'Male', 'False'),
(1073, 5, 29, '02:47:40', 747, 'Male', 'True'),
(1074, 6, 89, '03:49:45', 1836, 'Male', 'False'),
(1075, 7, 12, '03:02:29', 4402, 'Male', 'False'),
(1076, 8, 81, '02:51:28', 3093, 'Male', 'True'),
(1077, 9, 46, '02:02:15', 3444, 'Female', 'True'),
(1078, 10, 81, '05:29:33', 1005, 'Male', 'False'),
(1079, 11, 92, '04:21:32', 1482, 'Female', 'False'),
(1080, 12, 75, '03:09:01', 4546, 'Male', 'False'),
(1081, 1, 92, '04:04:24', 1985, 'Female', 'False'),
(1082, 2, 66, '03:55:35', 790, 'Male', 'False'),
(1083, 3, 41, '03:12:42', 4649, 'Male', 'False'),
(1084, 4, 35, '03:37:24', 4002, 'Female', 'False'),
(1085, 5, 16, '04:12:28', 4683, 'Female', 'False'),
(1086, 6, 65, '05:09:56', 4357, 'Female', 'False'),
(1087, 7, 89, '04:10:07', 1581, 'Male', 'False'),
(1088, 8, 94, '05:45:22', 1350, 'Male', 'False'),
(1089, 9, 44, '05:01:25', 1673, 'Male', 'False'),
(1090, 10, 11, '02:10:59', 1354, 'Female', 'True'),
(1091, 11, 97, '04:58:02', 2615, 'Female', 'False'),
(1092, 12, 26, '03:25:12', 61, 'Female', 'False'),
(1093, 1, 60, '04:55:21', 3764, 'Female', 'False'),
(1094, 2, 55, '05:38:32', 2688, 'Male', 'False'),
(1095, 3, 47, '03:54:26', 890, 'Female', 'False'),
(1096, 4, 38, '03:46:52', 3240, 'Female', 'False'),
(1097, 5, 84, '03:43:26', 3474, 'Male', 'False'),
(1098, 6, 50, '03:53:02', 1729, 'Male', 'False'),
(1099, 7, 5, '05:15:51', 3848, 'Female', 'False'),
(1100, 8, 55, '04:35:40', 3466, 'Male', 'False'),
(1101, 9, 28, '05:35:58', 4489, 'Female', 'False'),
(1102, 10, 85, '03:52:17', 1789, 'Male', 'False'),
(1103, 11, 99, '03:16:16', 4750, 'Female', 'False'),
(1104, 12, 50, '02:06:22', 4416, 'Male', 'True'),
(1105, 1, 70, '05:00:02', 3790, 'Female', 'False'),
(1106, 2, 25, '02:14:01', 4931, 'Female', 'True'),
(1107, 3, 35, '03:54:31', 4216, 'Female', 'False'),
(1108, 4, 17, '02:10:16', 3745, 'Male', 'True'),
(1109, 5, 81, '03:02:04', 1314, 'Male', 'False'),
(1110, 6, 39, '05:01:35', 2555, 'Female', 'False'),
(1111, 7, 60, '04:54:22', 3381, 'Female', 'False'),
(1112, 8, 50, '05:02:35', 657, 'Male', 'False'),
(1113, 9, 9, '02:41:01', 3714, 'Male', 'True'),
(1114, 10, 32, '03:20:03', 3591, 'Male', 'False'),
(1115, 11, 37, '05:56:59', 1171, 'Female', 'False'),
(1116, 12, 83, '05:18:55', 2064, 'Male', 'False'),
(1117, 1, 26, '02:31:34', 4437, 'Female', 'True'),
(1118, 2, 95, '03:25:09', 3837, 'Female', 'False'),
(1119, 3, 29, '05:57:59', 3504, 'Male', 'False'),
(1120, 4, 96, '03:09:10', 3755, 'Female', 'False'),
(1121, 5, 68, '03:09:46', 2940, 'Female', 'False'),
(1122, 6, 28, '02:29:33', 1961, 'Female', 'True'),
(1123, 7, 28, '02:45:45', 4892, 'Female', 'True'),
(1124, 8, 61, '03:11:37', 291, 'Female', 'False'),
(1125, 9, 70, '05:41:29', 2327, 'Female', 'False'),
(1126, 10, 95, '02:02:01', 4086, 'Female', 'True'),
(1127, 11, 98, '03:46:07', 736, 'Male', 'False'),
(1128, 12, 23, '03:33:54', 4307, 'Female', 'False'),
(1129, 1, 13, '05:29:41', 4309, 'Male', 'False'),
(1130, 2, 88, '03:05:47', 3320, 'Male', 'False'),
(1131, 3, 6, '03:35:45', 2912, 'Female', 'False'),
(1132, 4, 81, '03:23:37', 2847, 'Male', 'False'),
(1133, 5, 36, '02:10:02', 3295, 'Female', 'True'),
(1134, 6, 78, '05:02:44', 748, 'Male', 'False'),
(1135, 7, 48, '04:54:48', 560, 'Male', 'False'),
(1136, 8, 58, '05:03:45', 2282, 'Male', 'False'),
(1137, 9, 51, '04:32:36', 3299, 'Male', 'False'),
(1138, 10, 93, '02:01:10', 144, 'Male', 'True'),
(1139, 11, 77, '02:43:51', 4410, 'Male', 'True'),
(1140, 12, 65, '05:17:49', 3616, 'Female', 'False'),
(1141, 1, 27, '04:17:57', 3781, 'Male', 'False'),
(1142, 2, 9, '04:20:11', 1299, 'Male', 'False'),
(1143, 3, 91, '04:23:59', 758, 'Male', 'False'),
(1144, 4, 77, '03:09:16', 3507, 'Male', 'False'),
(1145, 5, 65, '04:34:37', 2397, 'Female', 'False'),
(1146, 6, 71, '04:33:55', 957, 'Female', 'False'),
(1147, 7, 85, '02:07:19', 2089, 'Male', 'True'),
(1148, 8, 26, '04:08:51', 418, 'Female', 'False'),
(1149, 9, 92, '03:52:57', 1522, 'Female', 'False'),
(1150, 10, 4, '05:52:35', 966, 'Female', 'False'),
(1151, 11, 86, '02:37:25', 4431, 'Male', 'True'),
(1152, 12, 20, '05:07:49', 2678, 'Female', 'False'),
(1153, 1, 37, '04:50:42', 119, 'Female', 'False'),
(1154, 2, 47, '03:33:23', 3519, 'Female', 'False'),
(1155, 3, 68, '05:00:34', 1359, 'Female', 'False'),
(1156, 4, 31, '03:58:51', 4624, 'Male', 'False'),
(1157, 5, 60, '03:49:41', 3074, 'Female', 'False'),
(1158, 6, 51, '03:11:18', 4721, 'Male', 'False'),
(1159, 7, 26, '05:12:28', 4322, 'Female', 'False'),
(1160, 8, 15, '03:49:34', 2748, 'Male', 'False'),
(1161, 9, 81, '05:26:03', 1743, 'Male', 'False'),
(1162, 10, 41, '02:13:16', 549, 'Male', 'True'),
(1163, 11, 45, '03:18:26', 3635, 'Male', 'False'),
(1164, 12, 2, '04:18:06', 729, 'Male', 'False'),
(1165, 1, 24, '02:19:14', 1495, 'Female', 'True'),
(1166, 2, 59, '05:34:19', 771, 'Female', 'False'),
(1167, 3, 16, '03:27:42', 3831, 'Female', 'False'),
(1168, 4, 92, '05:56:14', 4915, 'Female', 'False'),
(1169, 5, 11, '05:21:38', 1799, 'Female', 'False'),
(1170, 6, 41, '02:32:59', 2639, 'Male', 'True'),
(1171, 7, 41, '03:08:36', 1049, 'Male', 'False'),
(1172, 8, 97, '02:56:29', 1140, 'Female', 'True'),
(1173, 9, 85, '05:59:04', 3072, 'Male', 'False'),
(1174, 10, 40, '04:54:44', 2783, 'Female', 'False'),
(1175, 11, 3, '03:49:57', 3506, 'Male', 'False'),
(1176, 12, 57, '04:11:52', 1611, 'Male', 'False'),
(1177, 1, 14, '05:40:46', 875, 'Female', 'False'),
(1178, 2, 92, '02:08:36', 2813, 'Female', 'True'),
(1179, 3, 8, '05:24:08', 1324, 'Female', 'False'),
(1180, 4, 95, '05:24:57', 3563, 'Female', 'False');
INSERT INTO Sponsors (sponsor_id, sponsor_name) VALUES
(1, 'Nike'),
(2, 'Adidas'),
(3, 'Asics'),
(4, 'Saucony'),
(5, 'Hoka'),
(6, 'Brooks'),
(7, 'New Balance'),
(8, 'Puma'),
(9, 'Under Armour'),
(10, 'Tracksmith');
INSERT INTO Training_Plans (id, runner_id, start_date, end_date, plan_id) VALUES
(1, 38, '2011-12-12', '2012-04-16', 3),
(2, 53, '2012-01-23', '2012-04-16', 2),
(3, 2, '2011-11-28', '2012-04-16', 5),
(4, 71, '2011-12-26', '2012-04-16', 1),
(5, 81, '2012-01-23', '2012-04-16', 2),
(6, 11, '2011-12-26', '2012-04-16', 1),
(7, 6, '2012-01-09', '2012-04-16', 6),
(8, 52, '2011-10-31', '2012-04-16', 4),
(9, 79, '2012-01-23', '2012-04-16', 2),
(10, 13, '2012-01-23', '2012-04-16', 2),
(11, 21, '2011-12-26', '2012-04-16', 10),
(12, 90, '2011-11-28', '2012-04-16', 5),
(13, 15, '2012-01-23', '2012-04-16', 2),
(14, 29, '2011-12-26', '2012-04-16', 1),
(15, 66, '2012-01-23', '2012-04-16', 2),
(16, 18, '2011-11-14', '2012-04-16', 9),
(17, 100, '2011-10-31', '2012-04-16', 4),
(18, 42, '2011-11-28', '2012-04-16', 5),
(19, 55, '2011-11-14', '2012-04-16', 9),
(20, 1, '2011-11-14', '2012-04-16', 9),
(21, 70, '2011-10-31', '2012-04-16', 4),
(22, 64, '2011-12-12', '2012-04-16', 3),
(23, 97, '2011-12-26', '2012-04-16', 10),
(24, 8, '2011-12-26', '2012-04-16', 10),
(25, 31, '2012-02-06', '2012-04-16', 7),
(26, 62, '2011-11-14', '2012-04-16', 9),
(27, 87, '2012-02-06', '2012-04-16', 7),
(28, 73, '2012-01-23', '2012-04-16', 8),
(29, 72, '2012-01-23', '2012-04-16', 2),
(30, 85, '2011-12-26', '2012-04-16', 1),
(31, 36, '2011-11-14', '2012-04-16', 9),
(32, 10, '2012-01-23', '2012-04-16', 8),
(33, 74, '2012-02-06', '2012-04-16', 7),
(34, 45, '2012-01-09', '2012-04-16', 6),
(35, 20, '2011-12-26', '2012-04-16', 1),
(36, 59, '2011-11-28', '2012-04-16', 5),
(37, 14, '2011-11-14', '2012-04-16', 9),
(38, 76, '2011-11-28', '2012-04-16', 5),
(39, 57, '2012-01-23', '2012-04-16', 2),
(40, 48, '2012-01-09', '2012-04-16', 6),
(41, 95, '2011-12-12', '2012-04-16', 3),
(42, 3, '2012-01-23', '2012-04-16', 8),
(43, 88, '2011-11-14', '2012-04-16', 9),
(44, 37, '2011-10-31', '2012-04-16', 4),
(45, 98, '2011-12-26', '2012-04-16', 1),
(46, 30, '2012-01-23', '2012-04-16', 2),
(47, 7, '2012-01-23', '2012-04-16', 8),
(48, 40, '2011-12-12', '2012-04-16', 3),
(49, 93, '2012-01-09', '2012-04-16', 6),
(50, 50, '2012-01-23', '2012-04-16', 8),
(51, 91, '2012-01-23', '2012-04-16', 2),
(52, 86, '2011-10-31', '2012-04-16', 4),
(53, 51, '2011-12-12', '2012-04-16', 3),
(54, 47, '2011-10-31', '2012-04-16', 4),
(55, 58, '2011-11-28', '2012-04-16', 5),
(56, 82, '2012-02-06', '2012-04-16', 7),
(57, 24, '2011-10-31', '2012-04-16', 4),
(58, 75, '2011-12-26', '2012-04-16', 1),
(59, 33, '2012-02-06', '2012-04-16', 7),
(60, 96, '2012-01-23', '2012-04-16', 8),
(61, 38, '2012-10-29', '2013-04-15', 4),
(62, 53, '2012-12-10', '2013-04-15', 3),
(63, 2, '2012-11-26', '2013-04-15', 5),
(64, 71, '2012-12-10', '2013-04-15', 3),
(65, 81, '2013-01-21', '2013-04-15', 8),
(66, 11, '2013-01-21', '2013-04-15', 2),
(67, 6, '2013-01-21', '2013-04-15', 8),
(68, 52, '2013-02-04', '2013-04-15', 7),
(69, 79, '2012-12-24', '2013-04-15', 1),
(70, 13, '2012-10-29', '2013-04-15', 4),
(71, 21, '2013-02-04', '2013-04-15', 7),
(72, 90, '2013-02-04', '2013-04-15', 7),
(73, 15, '2013-01-21', '2013-04-15', 2),
(74, 29, '2013-02-04', '2013-04-15', 7),
(75, 66, '2012-12-10', '2013-04-15', 3),
(76, 18, '2013-01-21', '2013-04-15', 2),
(77, 100, '2012-12-24', '2013-04-15', 1),
(78, 42, '2012-11-12', '2013-04-15', 9),
(79, 55, '2012-12-10', '2013-04-15', 3),
(80, 1, '2012-10-29', '2013-04-15', 4),
(81, 70, '2012-10-29', '2013-04-15', 4),
(82, 64, '2013-02-04', '2013-04-15', 7),
(83, 97, '2012-12-24', '2013-04-15', 10),
(84, 8, '2013-01-07', '2013-04-15', 6),
(85, 31, '2013-01-21', '2013-04-15', 8),
(86, 62, '2012-12-24', '2013-04-15', 1),
(87, 87, '2012-10-29', '2013-04-15', 4),
(88, 73, '2013-01-07', '2013-04-15', 6),
(89, 72, '2012-12-10', '2013-04-15', 3),
(90, 85, '2012-10-29', '2013-04-15', 4),
(91, 36, '2012-11-12', '2013-04-15', 9),
(92, 10, '2013-01-21', '2013-04-15', 8),
(93, 74, '2013-01-07', '2013-04-15', 6),
(94, 45, '2013-01-07', '2013-04-15', 6),
(95, 20, '2012-10-29', '2013-04-15', 4),
(96, 59, '2013-01-07', '2013-04-15', 6),
(97, 14, '2013-02-04', '2013-04-15', 7),
(98, 76, '2012-12-10', '2013-04-15', 3),
(99, 57, '2012-11-12', '2013-04-15', 9),
(100, 48, '2012-12-24', '2013-04-15', 10),
(101, 95, '2012-10-29', '2013-04-15', 4),
(102, 3, '2012-11-12', '2013-04-15', 9),
(103, 88, '2012-11-26', '2013-04-15', 5),
(104, 37, '2013-01-21', '2013-04-15', 2),
(105, 98, '2012-12-10', '2013-04-15', 3),
(106, 30, '2012-12-24', '2013-04-15', 10),
(107, 7, '2012-10-29', '2013-04-15', 4),
(108, 40, '2012-12-10', '2013-04-15', 3),
(109, 93, '2012-12-24', '2013-04-15', 1),
(110, 50, '2012-12-10', '2013-04-15', 3),
(111, 91, '2012-11-12', '2013-04-15', 9),
(112, 86, '2012-12-10', '2013-04-15', 3),
(113, 51, '2013-01-21', '2013-04-15', 8),
(114, 47, '2012-11-26', '2013-04-15', 5),
(115, 58, '2013-01-21', '2013-04-15', 2),
(116, 82, '2013-02-04', '2013-04-15', 7),
(117, 24, '2013-01-21', '2013-04-15', 2),
(118, 75, '2013-01-21', '2013-04-15', 2),
(119, 33, '2012-12-24', '2013-04-15', 10),
(120, 96, '2012-12-24', '2013-04-15', 10),
(121, 38, '2013-12-02', '2014-04-21', 5),
(122, 53, '2014-02-10', '2014-04-21', 7),
(123, 2, '2014-01-27', '2014-04-21', 2),
(124, 71, '2014-01-27', '2014-04-21', 8),
(125, 81, '2013-12-16', '2014-04-21', 3),
(126, 11, '2013-11-04', '2014-04-21', 4),
(127, 6, '2013-12-30', '2014-04-21', 1),
(128, 52, '2013-11-04', '2014-04-21', 4),
(129, 79, '2013-11-04', '2014-04-21', 4),
(130, 13, '2014-01-27', '2014-04-21', 8),
(131, 21, '2014-01-27', '2014-04-21', 8),
(132, 90, '2013-12-16', '2014-04-21', 3),
(133, 15, '2013-12-30', '2014-04-21', 1),
(134, 29, '2013-12-30', '2014-04-21', 1),
(135, 66, '2014-01-27', '2014-04-21', 8),
(136, 18, '2013-12-30', '2014-04-21', 10),
(137, 100, '2014-01-27', '2014-04-21', 8),
(138, 42, '2013-12-02', '2014-04-21', 5),
(139, 55, '2014-01-27', '2014-04-21', 8),
(140, 1, '2014-01-27', '2014-04-21', 2),
(141, 70, '2014-01-27', '2014-04-21', 8),
(142, 64, '2013-12-30', '2014-04-21', 1),
(143, 97, '2013-11-04', '2014-04-21', 4),
(144, 8, '2013-12-16', '2014-04-21', 3),
(145, 31, '2013-11-04', '2014-04-21', 4),
(146, 62, '2014-02-10', '2014-04-21', 7),
(147, 87, '2013-12-30', '2014-04-21', 1),
(148, 73, '2013-11-04', '2014-04-21', 4),
(149, 72, '2014-02-10', '2014-04-21', 7),
(150, 85, '2013-11-18', '2014-04-21', 9),
(151, 36, '2013-11-04', '2014-04-21', 4),
(152, 10, '2014-01-27', '2014-04-21', 8),
(153, 74, '2013-11-04', '2014-04-21', 4),
(154, 45, '2013-12-30', '2014-04-21', 10),
(155, 20, '2013-12-16', '2014-04-21', 3),
(156, 59, '2014-01-13', '2014-04-21', 6),
(157, 14, '2013-12-02', '2014-04-21', 5),
(158, 76, '2014-01-27', '2014-04-21', 2),
(159, 57, '2013-11-04', '2014-04-21', 4),
(160, 48, '2014-01-13', '2014-04-21', 6),
(161, 95, '2013-11-18', '2014-04-21', 9),
(162, 3, '2013-12-16', '2014-04-21', 3),
(163, 88, '2013-12-16', '2014-04-21', 3),
(164, 37, '2013-11-18', '2014-04-21', 9),
(165, 98, '2013-12-30', '2014-04-21', 10),
(166, 30, '2013-11-04', '2014-04-21', 4),
(167, 7, '2013-12-30', '2014-04-21', 10),
(168, 40, '2013-12-16', '2014-04-21', 3),
(169, 93, '2014-01-27', '2014-04-21', 2),
(170, 50, '2013-11-18', '2014-04-21', 9),
(171, 91, '2014-01-13', '2014-04-21', 6),
(172, 86, '2013-12-30', '2014-04-21', 1),
(173, 51, '2013-12-30', '2014-04-21', 1),
(174, 47, '2013-12-30', '2014-04-21', 10),
(175, 58, '2014-01-13', '2014-04-21', 6),
(176, 82, '2013-12-16', '2014-04-21', 3),
(177, 24, '2013-12-30', '2014-04-21', 10),
(178, 75, '2013-12-30', '2014-04-21', 10),
(179, 33, '2013-12-02', '2014-04-21', 5),
(180, 96, '2013-12-30', '2014-04-21', 10),
(181, 38, '2015-02-09', '2015-04-20', 7),
(182, 53, '2014-12-01', '2015-04-20', 5),
(183, 2, '2014-11-03', '2015-04-20', 4),
(184, 71, '2014-11-17', '2015-04-20', 9),
(185, 81, '2014-12-15', '2015-04-20', 3),
(186, 11, '2014-12-01', '2015-04-20', 5),
(187, 6, '2014-11-03', '2015-04-20', 4),
(188, 52, '2015-01-26', '2015-04-20', 2),
(189, 79, '2014-11-17', '2015-04-20', 9),
(190, 13, '2014-12-29', '2015-04-20', 10),
(191, 21, '2014-12-29', '2015-04-20', 1),
(192, 90, '2015-01-12', '2015-04-20', 6),
(193, 15, '2015-01-12', '2015-04-20', 6),
(194, 29, '2015-01-26', '2015-04-20', 2),
(195, 66, '2015-01-26', '2015-04-20', 8),
(196, 18, '2014-11-03', '2015-04-20', 4),
(197, 100, '2014-11-17', '2015-04-20', 9),
(198, 42, '2015-02-09', '2015-04-20', 7),
(199, 55, '2014-12-01', '2015-04-20', 5),
(200, 1, '2015-01-12', '2015-04-20', 6),
(201, 70, '2014-11-17', '2015-04-20', 9),
(202, 64, '2014-12-29', '2015-04-20', 1),
(203, 97, '2015-01-12', '2015-04-20', 6),
(204, 8, '2015-01-12', '2015-04-20', 6),
(205, 31, '2015-02-09', '2015-04-20', 7),
(206, 62, '2014-11-17', '2015-04-20', 9),
(207, 87, '2014-12-15', '2015-04-20', 3),
(208, 73, '2015-02-09', '2015-04-20', 7),
(209, 72, '2015-01-26', '2015-04-20', 2),
(210, 85, '2014-12-01', '2015-04-20', 5),
(211, 36, '2014-12-01', '2015-04-20', 5),
(212, 10, '2014-12-01', '2015-04-20', 5),
(213, 74, '2014-11-17', '2015-04-20', 9),
(214, 45, '2014-11-17', '2015-04-20', 9),
(215, 20, '2014-12-29', '2015-04-20', 1),
(216, 59, '2014-11-03', '2015-04-20', 4),
(217, 14, '2015-01-12', '2015-04-20', 6),
(218, 76, '2015-01-12', '2015-04-20', 6),
(219, 57, '2015-01-26', '2015-04-20', 2),
(220, 48, '2014-12-29', '2015-04-20', 1),
(221, 95, '2015-01-12', '2015-04-20', 6),
(222, 3, '2014-12-15', '2015-04-20', 3),
(223, 88, '2014-12-29', '2015-04-20', 1),
(224, 37, '2015-01-12', '2015-04-20', 6),
(225, 98, '2014-12-01', '2015-04-20', 5),
(226, 30, '2014-11-17', '2015-04-20', 9),
(227, 7, '2014-11-17', '2015-04-20', 9),
(228, 40, '2014-12-15', '2015-04-20', 3),
(229, 93, '2014-12-29', '2015-04-20', 1),
(230, 50, '2014-12-29', '2015-04-20', 10),
(231, 91, '2015-01-26', '2015-04-20', 8),
(232, 86, '2014-12-29', '2015-04-20', 1),
(233, 51, '2015-01-26', '2015-04-20', 8),
(234, 47, '2014-12-29', '2015-04-20', 1),
(235, 58, '2014-12-01', '2015-04-20', 5),
(236, 82, '2015-01-26', '2015-04-20', 8),
(237, 24, '2015-02-09', '2015-04-20', 7),
(238, 75, '2015-01-12', '2015-04-20', 6),
(239, 33, '2015-01-12', '2015-04-20', 6),
(240, 96, '2014-11-03', '2015-04-20', 4),
(241, 38, '2015-11-02', '2016-04-18', 4),
(242, 53, '2015-12-14', '2016-04-18', 3),
(243, 2, '2016-02-08', '2016-04-18', 7),
(244, 71, '2016-01-11', '2016-04-18', 6),
(245, 81, '2015-11-02', '2016-04-18', 4),
(246, 11, '2016-01-11', '2016-04-18', 6),
(247, 6, '2016-02-08', '2016-04-18', 7),
(248, 52, '2016-01-25', '2016-04-18', 8),
(249, 79, '2015-11-16', '2016-04-18', 9),
(250, 13, '2015-11-02', '2016-04-18', 4),
(251, 21, '2015-11-02', '2016-04-18', 4),
(252, 90, '2015-12-28', '2016-04-18', 1),
(253, 15, '2015-11-30', '2016-04-18', 5),
(254, 29, '2015-11-30', '2016-04-18', 5),
(255, 66, '2015-11-30', '2016-04-18', 5),
(256, 18, '2015-12-28', '2016-04-18', 1),
(257, 100, '2015-11-02', '2016-04-18', 4),
(258, 42, '2016-01-25', '2016-04-18', 8),
(259, 55, '2016-02-08', '2016-04-18', 7),
(260, 1, '2016-01-25', '2016-04-18', 2),
(261, 70, '2015-12-28', '2016-04-18', 10),
(262, 64, '2015-12-28', '2016-04-18', 10),
(263, 97, '2015-12-14', '2016-04-18', 3),
(264, 8, '2015-11-30', '2016-04-18', 5),
(265, 31, '2016-01-25', '2016-04-18', 2),
(266, 62, '2016-02-08', '2016-04-18', 7),
(267, 87, '2016-01-11', '2016-04-18', 6),
(268, 73, '2015-12-14', '2016-04-18', 3),
(269, 72, '2016-02-08', '2016-04-18', 7),
(270, 85, '2016-02-08', '2016-04-18', 7),
(271, 36, '2016-01-11', '2016-04-18', 6),
(272, 10, '2016-01-25', '2016-04-18', 8),
(273, 74, '2016-01-25', '2016-04-18', 8),
(274, 45, '2015-11-16', '2016-04-18', 9),
(275, 20, '2015-11-16', '2016-04-18', 9),
(276, 59, '2015-11-16', '2016-04-18', 9),
(277, 14, '2016-02-08', '2016-04-18', 7),
(278, 76, '2015-11-16', '2016-04-18', 9),
(279, 57, '2015-12-14', '2016-04-18', 3),
(280, 48, '2015-12-28', '2016-04-18', 1),
(281, 95, '2015-12-14', '2016-04-18', 3),
(282, 3, '2015-12-28', '2016-04-18', 1),
(283, 88, '2016-01-11', '2016-04-18', 6),
(284, 37, '2015-12-28', '2016-04-18', 10),
(285, 98, '2015-12-14', '2016-04-18', 3),
(286, 30, '2016-02-08', '2016-04-18', 7),
(287, 7, '2015-11-02', '2016-04-18', 4),
(288, 40, '2015-11-02', '2016-04-18', 4),
(289, 93, '2016-01-25', '2016-04-18', 8),
(290, 50, '2016-01-25', '2016-04-18', 8),
(291, 91, '2016-02-08', '2016-04-18', 7),
(292, 86, '2016-02-08', '2016-04-18', 7),
(293, 51, '2016-01-11', '2016-04-18', 6),
(294, 47, '2016-02-08', '2016-04-18', 7),
(295, 58, '2015-11-02', '2016-04-18', 4),
(296, 82, '2015-11-30', '2016-04-18', 5),
(297, 24, '2016-02-08', '2016-04-18', 7),
(298, 75, '2015-11-16', '2016-04-18', 9),
(299, 33, '2015-11-30', '2016-04-18', 5),
(300, 96, '2015-12-14', '2016-04-18', 3),
(301, 38, '2017-01-09', '2017-04-17', 6),
(302, 53, '2016-12-12', '2017-04-17', 3),
(303, 2, '2017-01-23', '2017-04-17', 8),
(304, 71, '2016-11-28', '2017-04-17', 5),
(305, 81, '2016-12-26', '2017-04-17', 1),
(306, 11, '2016-11-14', '2017-04-17', 9),
(307, 6, '2016-11-14', '2017-04-17', 9),
(308, 52, '2017-01-09', '2017-04-17', 6),
(309, 79, '2016-10-31', '2017-04-17', 4),
(310, 13, '2016-12-26', '2017-04-17', 1),
(311, 21, '2017-02-06', '2017-04-17', 7),
(312, 90, '2016-12-26', '2017-04-17', 10),
(313, 15, '2017-02-06', '2017-04-17', 7),
(314, 29, '2016-12-26', '2017-04-17', 1),
(315, 66, '2016-11-14', '2017-04-17', 9),
(316, 18, '2017-01-23', '2017-04-17', 2),
(317, 100, '2016-12-26', '2017-04-17', 10),
(318, 42, '2017-01-23', '2017-04-17', 2),
(319, 55, '2016-12-12', '2017-04-17', 3),
(320, 1, '2017-01-23', '2017-04-17', 2),
(321, 70, '2016-11-14', '2017-04-17', 9),
(322, 64, '2016-12-26', '2017-04-17', 10),
(323, 97, '2017-01-09', '2017-04-17', 6),
(324, 8, '2016-12-12', '2017-04-17', 3),
(325, 31, '2017-01-09', '2017-04-17', 6),
(326, 62, '2016-12-26', '2017-04-17', 10),
(327, 87, '2017-01-23', '2017-04-17', 8),
(328, 73, '2016-12-26', '2017-04-17', 1),
(329, 72, '2016-10-31', '2017-04-17', 4),
(330, 85, '2017-01-23', '2017-04-17', 2),
(331, 36, '2017-01-09', '2017-04-17', 6),
(332, 10, '2016-12-12', '2017-04-17', 3),
(333, 74, '2016-12-26', '2017-04-17', 1),
(334, 45, '2017-01-23', '2017-04-17', 8),
(335, 20, '2017-01-09', '2017-04-17', 6),
(336, 59, '2016-12-12', '2017-04-17', 3),
(337, 14, '2017-01-09', '2017-04-17', 6),
(338, 76, '2017-02-06', '2017-04-17', 7),
(339, 57, '2016-10-31', '2017-04-17', 4),
(340, 48, '2017-01-23', '2017-04-17', 2),
(341, 95, '2016-12-26', '2017-04-17', 1),
(342, 3, '2016-10-31', '2017-04-17', 4),
(343, 88, '2017-01-23', '2017-04-17', 2),
(344, 37, '2017-01-09', '2017-04-17', 6),
(345, 98, '2016-11-28', '2017-04-17', 5),
(346, 30, '2016-12-12', '2017-04-17', 3),
(347, 7, '2017-01-23', '2017-04-17', 2),
(348, 40, '2016-11-28', '2017-04-17', 5),
(349, 93, '2016-11-28', '2017-04-17', 5),
(350, 50, '2017-01-23', '2017-04-17', 8),
(351, 91, '2017-01-23', '2017-04-17', 2),
(352, 86, '2016-12-26', '2017-04-17', 10),
(353, 51, '2016-10-31', '2017-04-17', 4),
(354, 47, '2016-12-26', '2017-04-17', 1),
(355, 58, '2017-01-09', '2017-04-17', 6),
(356, 82, '2016-12-12', '2017-04-17', 3),
(357, 24, '2017-01-23', '2017-04-17', 2),
(358, 75, '2017-02-06', '2017-04-17', 7),
(359, 33, '2017-01-23', '2017-04-17', 2),
(360, 96, '2017-01-23', '2017-04-17', 2),
(361, 38, '2018-01-22', '2018-04-16', 2),
(362, 53, '2017-12-25', '2018-04-16', 10),
(363, 2, '2018-01-22', '2018-04-16', 8),
(364, 71, '2018-01-08', '2018-04-16', 6),
(365, 81, '2017-11-27', '2018-04-16', 5),
(366, 11, '2017-12-25', '2018-04-16', 10),
(367, 6, '2017-11-27', '2018-04-16', 5),
(368, 52, '2018-02-05', '2018-04-16', 7),
(369, 79, '2017-11-27', '2018-04-16', 5),
(370, 13, '2017-11-27', '2018-04-16', 5),
(371, 21, '2018-01-22', '2018-04-16', 2),
(372, 90, '2017-12-25', '2018-04-16', 10),
(373, 15, '2017-12-11', '2018-04-16', 3),
(374, 29, '2017-11-13', '2018-04-16', 9),
(375, 66, '2018-01-22', '2018-04-16', 8),
(376, 18, '2017-12-25', '2018-04-16', 10),
(377, 100, '2017-12-25', '2018-04-16', 1),
(378, 42, '2018-01-22', '2018-04-16', 8),
(379, 55, '2017-12-25', '2018-04-16', 10),
(380, 1, '2018-01-22', '2018-04-16', 8),
(381, 70, '2018-02-05', '2018-04-16', 7),
(382, 64, '2017-12-11', '2018-04-16', 3),
(383, 97, '2018-02-05', '2018-04-16', 7),
(384, 8, '2017-12-11', '2018-04-16', 3),
(385, 31, '2017-12-25', '2018-04-16', 1),
(386, 62, '2018-02-05', '2018-04-16', 7),
(387, 87, '2018-02-05', '2018-04-16', 7),
(388, 73, '2018-01-22', '2018-04-16', 2),
(389, 72, '2018-01-22', '2018-04-16', 2),
(390, 85, '2017-12-25', '2018-04-16', 1),
(391, 36, '2018-01-22', '2018-04-16', 2),
(392, 10, '2018-01-22', '2018-04-16', 2),
(393, 74, '2017-12-25', '2018-04-16', 1),
(394, 45, '2017-12-25', '2018-04-16', 1),
(395, 20, '2017-10-30', '2018-04-16', 4),
(396, 59, '2018-01-22', '2018-04-16', 8),
(397, 14, '2017-12-11', '2018-04-16', 3),
(398, 76, '2017-12-25', '2018-04-16', 1),
(399, 57, '2018-01-08', '2018-04-16', 6),
(400, 48, '2018-02-05', '2018-04-16', 7),
(401, 95, '2017-12-25', '2018-04-16', 10),
(402, 3, '2017-12-25', '2018-04-16', 1),
(403, 88, '2018-01-22', '2018-04-16', 8),
(404, 37, '2017-12-11', '2018-04-16', 3),
(405, 98, '2017-10-30', '2018-04-16', 4),
(406, 30, '2018-02-05', '2018-04-16', 7),
(407, 7, '2017-12-25', '2018-04-16', 10),
(408, 40, '2017-11-27', '2018-04-16', 5),
(409, 93, '2017-11-13', '2018-04-16', 9),
(410, 50, '2017-12-11', '2018-04-16', 3),
(411, 91, '2018-01-22', '2018-04-16', 2),
(412, 86, '2018-02-05', '2018-04-16', 7),
(413, 51, '2018-01-22', '2018-04-16', 2),
(414, 47, '2017-10-30', '2018-04-16', 4),
(415, 58, '2017-12-11', '2018-04-16', 3),
(416, 82, '2017-12-11', '2018-04-16', 3),
(417, 24, '2017-12-25', '2018-04-16', 10),
(418, 75, '2017-12-11', '2018-04-16', 3),
(419, 33, '2017-11-27', '2018-04-16', 5),
(420, 96, '2017-11-27', '2018-04-16', 5),
(421, 38, '2019-01-21', '2019-04-15', 2),
(422, 53, '2018-12-24', '2019-04-15', 1),
(423, 2, '2018-10-29', '2019-04-15', 4),
(424, 71, '2018-10-29', '2019-04-15', 4),
(425, 81, '2018-11-26', '2019-04-15', 5),
(426, 11, '2019-01-21', '2019-04-15', 2),
(427, 6, '2018-12-24', '2019-04-15', 1),
(428, 52, '2018-12-24', '2019-04-15', 10),
(429, 79, '2018-12-10', '2019-04-15', 3),
(430, 13, '2019-01-21', '2019-04-15', 2),
(431, 21, '2018-12-10', '2019-04-15', 3),
(432, 90, '2018-12-10', '2019-04-15', 3),
(433, 15, '2019-02-04', '2019-04-15', 7),
(434, 29, '2019-02-04', '2019-04-15', 7),
(435, 66, '2019-01-07', '2019-04-15', 6),
(436, 18, '2019-02-04', '2019-04-15', 7),
(437, 100, '2019-02-04', '2019-04-15', 7),
(438, 42, '2018-12-10', '2019-04-15', 3),
(439, 55, '2018-12-24', '2019-04-15', 1),
(440, 1, '2019-01-07', '2019-04-15', 6),
(441, 70, '2019-02-04', '2019-04-15', 7),
(442, 64, '2019-01-21', '2019-04-15', 2),
(443, 97, '2018-12-24', '2019-04-15', 1),
(444, 8, '2018-12-10', '2019-04-15', 3),
(445, 31, '2018-12-24', '2019-04-15', 10),
(446, 62, '2019-01-07', '2019-04-15', 6),
(447, 87, '2018-11-26', '2019-04-15', 5),
(448, 73, '2018-12-10', '2019-04-15', 3),
(449, 72, '2018-11-12', '2019-04-15', 9),
(450, 85, '2018-11-12', '2019-04-15', 9),
(451, 36, '2019-01-21', '2019-04-15', 2),
(452, 10, '2018-10-29', '2019-04-15', 4),
(453, 74, '2019-01-21', '2019-04-15', 2),
(454, 45, '2018-12-10', '2019-04-15', 3),
(455, 20, '2018-11-26', '2019-04-15', 5),
(456, 59, '2018-12-10', '2019-04-15', 3),
(457, 14, '2018-11-12', '2019-04-15', 9),
(458, 76, '2018-12-24', '2019-04-15', 1),
(459, 57, '2018-11-26', '2019-04-15', 5),
(460, 48, '2019-02-04', '2019-04-15', 7),
(461, 95, '2018-10-29', '2019-04-15', 4),
(462, 3, '2018-10-29', '2019-04-15', 4),
(463, 88, '2018-12-24', '2019-04-15', 10),
(464, 37, '2018-11-26', '2019-04-15', 5),
(465, 98, '2018-11-12', '2019-04-15', 9),
(466, 30, '2019-01-07', '2019-04-15', 6),
(467, 7, '2019-01-21', '2019-04-15', 2),
(468, 40, '2018-11-12', '2019-04-15', 9),
(469, 93, '2018-10-29', '2019-04-15', 4),
(470, 50, '2018-11-26', '2019-04-15', 5),
(471, 91, '2019-01-21', '2019-04-15', 8),
(472, 86, '2019-02-04', '2019-04-15', 7),
(473, 51, '2019-02-04', '2019-04-15', 7),
(474, 47, '2019-01-21', '2019-04-15', 8),
(475, 58, '2019-01-21', '2019-04-15', 2),
(476, 82, '2019-01-21', '2019-04-15', 2),
(477, 24, '2019-01-07', '2019-04-15', 6),
(478, 75, '2018-10-29', '2019-04-15', 4),
(479, 33, '2018-12-24', '2019-04-15', 1),
(480, 96, '2018-12-24', '2019-04-15', 10),
(481, 38, '2020-07-19', '2020-10-11', 8),
(482, 53, '2020-06-21', '2020-10-11', 1),
(483, 2, '2020-05-10', '2020-10-11', 9),
(484, 71, '2020-05-10', '2020-10-11', 9),
(485, 81, '2020-05-10', '2020-10-11', 9),
(486, 11, '2020-05-24', '2020-10-11', 5),
(487, 6, '2020-06-21', '2020-10-11', 10),
(488, 52, '2020-06-21', '2020-10-11', 10),
(489, 79, '2020-06-07', '2020-10-11', 3),
(490, 13, '2020-08-02', '2020-10-11', 7),
(491, 21, '2020-06-21', '2020-10-11', 10),
(492, 90, '2020-06-21', '2020-10-11', 1),
(493, 15, '2020-05-10', '2020-10-11', 9),
(494, 29, '2020-06-21', '2020-10-11', 10),
(495, 66, '2020-05-24', '2020-10-11', 5),
(496, 18, '2020-07-19', '2020-10-11', 2),
(497, 100, '2020-06-07', '2020-10-11', 3),
(498, 42, '2020-06-21', '2020-10-11', 10),
(499, 55, '2020-07-05', '2020-10-11', 6),
(500, 1, '2020-07-19', '2020-10-11', 2),
(501, 70, '2020-07-05', '2020-10-11', 6),
(502, 64, '2020-06-07', '2020-10-11', 3),
(503, 97, '2020-05-24', '2020-10-11', 5),
(504, 8, '2020-08-02', '2020-10-11', 7),
(505, 31, '2020-06-21', '2020-10-11', 10),
(506, 62, '2020-06-07', '2020-10-11', 3),
(507, 87, '2020-07-19', '2020-10-11', 8),
(508, 73, '2020-08-02', '2020-10-11', 7),
(509, 72, '2020-04-26', '2020-10-11', 4),
(510, 85, '2020-05-10', '2020-10-11', 9),
(511, 36, '2020-07-19', '2020-10-11', 2),
(512, 10, '2020-06-21', '2020-10-11', 1),
(513, 74, '2020-07-19', '2020-10-11', 2),
(514, 45, '2020-04-26', '2020-10-11', 4),
(515, 20, '2020-05-24', '2020-10-11', 5),
(516, 59, '2020-07-19', '2020-10-11', 8),
(517, 14, '2020-04-26', '2020-10-11', 4),
(518, 76, '2020-07-05', '2020-10-11', 6),
(519, 57, '2020-06-21', '2020-10-11', 1),
(520, 48, '2020-06-07', '2020-10-11', 3),
(521, 95, '2020-06-21', '2020-10-11', 10),
(522, 3, '2020-08-02', '2020-10-11', 7),
(523, 88, '2020-05-24', '2020-10-11', 5),
(524, 37, '2020-07-19', '2020-10-11', 8),
(525, 98, '2020-07-19', '2020-10-11', 2),
(526, 30, '2020-05-10', '2020-10-11', 9),
(527, 7, '2020-06-21', '2020-10-11', 10),
(528, 40, '2020-04-26', '2020-10-11', 4),
(529, 93, '2020-07-19', '2020-10-11', 2),
(530, 50, '2020-06-21', '2020-10-11', 1),
(531, 91, '2020-07-19', '2020-10-11', 2),
(532, 86, '2020-06-07', '2020-10-11', 3),
(533, 51, '2020-06-21', '2020-10-11', 10),
(534, 47, '2020-05-10', '2020-10-11', 9),
(535, 58, '2020-05-10', '2020-10-11', 9),
(536, 82, '2020-07-19', '2020-10-11', 8),
(537, 24, '2020-07-05', '2020-10-11', 6),
(538, 75, '2020-07-19', '2020-10-11', 2),
(539, 33, '2020-05-24', '2020-10-11', 5),
(540, 96, '2020-05-24', '2020-10-11', 5),
(541, 38, '2021-07-19', '2021-10-11', 2),
(542, 53, '2021-07-19', '2021-10-11', 2),
(543, 2, '2021-05-10', '2021-10-11', 9),
(544, 71, '2021-07-19', '2021-10-11', 2),
(545, 81, '2021-05-10', '2021-10-11', 9),
(546, 11, '2021-05-10', '2021-10-11', 9),
(547, 6, '2021-06-21', '2021-10-11', 1),
(548, 52, '2021-04-26', '2021-10-11', 4),
(549, 79, '2021-07-05', '2021-10-11', 6),
(550, 13, '2021-04-26', '2021-10-11', 4),
(551, 21, '2021-08-02', '2021-10-11', 7),
(552, 90, '2021-07-19', '2021-10-11', 2),
(553, 15, '2021-06-21', '2021-10-11', 10),
(554, 29, '2021-05-24', '2021-10-11', 5),
(555, 66, '2021-07-05', '2021-10-11', 6),
(556, 18, '2021-06-21', '2021-10-11', 10),
(557, 100, '2021-08-02', '2021-10-11', 7),
(558, 42, '2021-06-07', '2021-10-11', 3),
(559, 55, '2021-07-05', '2021-10-11', 6),
(560, 1, '2021-04-26', '2021-10-11', 4),
(561, 70, '2021-06-21', '2021-10-11', 1),
(562, 64, '2021-05-24', '2021-10-11', 5),
(563, 97, '2021-08-02', '2021-10-11', 7),
(564, 8, '2021-05-10', '2021-10-11', 9),
(565, 31, '2021-04-26', '2021-10-11', 4),
(566, 62, '2021-06-07', '2021-10-11', 3),
(567, 87, '2021-04-26', '2021-10-11', 4),
(568, 73, '2021-05-24', '2021-10-11', 5),
(569, 72, '2021-06-21', '2021-10-11', 10),
(570, 85, '2021-05-24', '2021-10-11', 5),
(571, 36, '2021-05-10', '2021-10-11', 9),
(572, 10, '2021-07-05', '2021-10-11', 6),
(573, 74, '2021-07-19', '2021-10-11', 2),
(574, 45, '2021-06-21', '2021-10-11', 1),
(575, 20, '2021-05-10', '2021-10-11', 9),
(576, 59, '2021-08-02', '2021-10-11', 7),
(577, 14, '2021-05-10', '2021-10-11', 9),
(578, 76, '2021-07-19', '2021-10-11', 2),
(579, 57, '2021-05-10', '2021-10-11', 9),
(580, 48, '2021-07-19', '2021-10-11', 8),
(581, 95, '2021-07-19', '2021-10-11', 2),
(582, 3, '2021-05-24', '2021-10-11', 5),
(583, 88, '2021-07-19', '2021-10-11', 2),
(584, 37, '2021-07-19', '2021-10-11', 8),
(585, 98, '2021-05-24', '2021-10-11', 5),
(586, 30, '2021-06-21', '2021-10-11', 1),
(587, 7, '2021-05-10', '2021-10-11', 9),
(588, 40, '2021-06-21', '2021-10-11', 10),
(589, 93, '2021-05-10', '2021-10-11', 9),
(590, 50, '2021-08-02', '2021-10-11', 7),
(591, 91, '2021-07-05', '2021-10-11', 6),
(592, 86, '2021-07-05', '2021-10-11', 6),
(593, 51, '2021-07-19', '2021-10-11', 8),
(594, 47, '2021-07-19', '2021-10-11', 8),
(595, 58, '2021-05-10', '2021-10-11', 9),
(596, 82, '2021-07-19', '2021-10-11', 8),
(597, 24, '2021-08-02', '2021-10-11', 7),
(598, 75, '2021-04-26', '2021-10-11', 4),
(599, 33, '2021-06-07', '2021-10-11', 3),
(600, 96, '2021-04-26', '2021-10-11', 4);
INSERT INTO Sponsored_Athletes (sponsor_id, sponsor_name, runner_id) VALUES
(1, 'New Balance', 646),
(2, 'Tracksmith', 282),
(3, 'Tracksmith', 1169),
(4, 'Asics', 935),
(5, 'Adidas', 219),
(6, 'Tracksmith', 36),
(7, 'Puma', 27),
(8, 'Tracksmith', 954),
(9, 'New Balance', 1018),
(10, 'New Balance', 614),
(11, 'Adidas', 222),
(12, 'Puma', 560),
(13, 'Adidas', 1113),
(14, 'Nike', 147),
(15, 'Tracksmith', 421),
(16, 'Under Armour', 943),
(17, 'Tracksmith', 645),
(18, 'Hoka', 337),
(19, 'New Balance', 967),
(20, 'Saucony', 88),
(21, 'Hoka', 595),
(22, 'Puma', 665),
(23, 'Adidas', 742),
(24, 'Adidas', 369),
(25, 'Hoka', 482),
(26, 'Brooks', 123),
(27, 'Under Armour', 70),
(28, 'Adidas', 367),
(29, 'Adidas', 345),
(30, 'Brooks', 1121),
(31, 'Hoka', 158),
(32, 'Asics', 435),
(33, 'Hoka', 748),
(34, 'New Balance', 13),
(35, 'Hoka', 1137),
(36, 'Nike', 681),
(37, 'Adidas', 1146),
(38, 'Hoka', 534),
(39, 'Under Armour', 1107),
(40, 'Under Armour', 984),
(41, 'New Balance', 131),
(42, 'Saucony', 1114),
(43, 'Brooks', 1170),
(44, 'Adidas', 760),
(45, 'Adidas', 873),
(46, 'Adidas', 869),
(47, 'Puma', 67),
(48, 'New Balance', 207),
(49, 'Puma', 56),
(50, 'Hoka', 409),
(51, 'Hoka', 772),
(52, 'Puma', 292),
(53, 'Nike', 342),
(54, 'Nike', 1178),
(55, 'Puma', 861),
(56, 'Tracksmith', 532),
(57, 'New Balance', 472),
(58, 'Tracksmith', 1038),
(59, 'Brooks', 386),
(60, 'Saucony', 1127),
(61, 'Brooks', 11),
(62, 'Hoka', 962),
(63, 'Under Armour', 878),
(64, 'Tracksmith', 235),
(65, 'Adidas', 587),
(66, 'Under Armour', 187),
(67, 'Saucony', 978),
(68, 'Nike', 193),
(69, 'Asics', 191),
(70, 'Under Armour', 1109),
(71, 'Asics', 513),
(72, 'Saucony', 917),
(73, 'Nike', 230),
(74, 'Asics', 271),
(75, 'Saucony', 792),
(76, 'Adidas', 415),
(77, 'Adidas', 146),
(78, 'New Balance', 1118),
(79, 'Adidas', 199),
(80, 'Nike', 567),
(81, 'Hoka', 153),
(82, 'Brooks', 266),
(83, 'Brooks', 583),
(84, 'Brooks', 597),
(85, 'Nike', 34),
(86, 'Nike', 500),
(87, 'Adidas', 1110),
(88, 'Adidas', 1158),
(89, 'Hoka', 476),
(90, 'Adidas', 226),
(91, 'Hoka', 126),
(92, 'Tracksmith', 357),
(93, 'Puma', 354),
(94, 'Under Armour', 104),
(95, 'Asics', 1115),
(96, 'Adidas', 1144),
(97, 'New Balance', 902),
(98, 'Tracksmith', 72),
(99, 'Hoka', 333),
(100, 'Hoka', 388),
(101, 'Nike', 1092),
(102, 'Tracksmith', 956),
(103, 'Hoka', 212),
(104, 'Under Armour', 332),
(105, 'Tracksmith', 636),
(106, 'Hoka', 217),
(107, 'Nike', 433),
(108, 'Nike', 117),
(109, 'Tracksmith', 928),
(110, 'Hoka', 675),
(111, 'Tracksmith', 1099),
(112, 'Hoka', 726),
(113, 'Brooks', 1019),
(114, 'Tracksmith', 1138),
(115, 'Under Armour', 651),
(116, 'Under Armour', 390),
(117, 'Asics', 291),
(118, 'Adidas', 166),
(119, 'Puma', 668),
(120, 'Adidas', 972),
(121, 'Saucony', 803),
(122, 'Puma', 897),
(123, 'Nike', 182),
(124, 'Adidas', 64),
(125, 'Nike', 470),
(126, 'Under Armour', 1065),
(127, 'Brooks', 142),
(128, 'Tracksmith', 630),
(129, 'Puma', 1069),
(130, 'Asics', 578),
(131, 'Brooks', 893),
(132, 'Nike', 598),
(133, 'Puma', 371),
(134, 'Tracksmith', 1084),
(135, 'Adidas', 132),
(136, 'Under Armour', 281),
(137, 'Tracksmith', 544),
(138, 'Saucony', 1108),
(139, 'New Balance', 845),
(140, 'Tracksmith', 62),
(141, 'Saucony', 558),
(142, 'New Balance', 806),
(143, 'Tracksmith', 325),
(144, 'Asics', 951),
(145, 'New Balance', 725),
(146, 'Tracksmith', 479),
(147, 'Under Armour', 1071),
(148, 'Puma', 1155),
(149, 'New Balance', 825),
(150, 'Adidas', 1132),
(151, 'Nike', 480),
(152, 'Brooks', 44),
(153, 'Adidas', 564),
(154, 'Adidas', 740),
(155, 'Puma', 900),
(156, 'Hoka', 263),
(157, 'Adidas', 262),
(158, 'New Balance', 5),
(159, 'Adidas', 383),
(160, 'Under Armour', 688),
(161, 'Hoka', 175),
(162, 'Puma', 1163),
(163, 'Brooks', 918),
(164, 'Puma', 465),
(165, 'Puma', 875),
(166, 'Brooks', 78),
(167, 'Asics', 181),
(168, 'Brooks', 723),
(169, 'Under Armour', 450),
(170, 'Brooks', 795),
(171, 'Hoka', 810),
(172, 'Under Armour', 839),
(173, 'Nike', 536),
(174, 'Nike', 991),
(175, 'Saucony', 736),
(176, 'Brooks', 588),
(177, 'Asics', 455),
(178, 'Brooks', 1112),
(179, 'Nike', 1102),
(180, 'Puma', 1009),
(181, 'Under Armour', 656),
(182, 'Brooks', 520),
(183, 'Brooks', 468),
(184, 'Brooks', 323),
(185, 'New Balance', 109),
(186, 'Saucony', 1177),
(187, 'Nike', 889),
(188, 'Tracksmith', 65),
(189, 'Under Armour', 903),
(190, 'Brooks', 238),
(191, 'Tracksmith', 780),
(192, 'Puma', 258),
(193, 'New Balance', 1129),
(194, 'Tracksmith', 895),
(195, 'Puma', 160),
(196, 'Puma', 1173),
(197, 'Adidas', 1123),
(198, 'Brooks', 955),
(199, 'Brooks', 108),
(200, 'Hoka', 329),
(201, 'Saucony', 471),
(202, 'Hoka', 313),
(203, 'Asics', 87),
(204, 'Adidas', 870),
(205, 'Tracksmith', 769),
(206, 'Under Armour', 48),
(207, 'Brooks', 373),
(208, 'Adidas', 953),
(209, 'Puma', 165),
(210, 'Under Armour', 852),
(211, 'Adidas', 844),
(212, 'New Balance', 690),
(213, 'New Balance', 430),
(214, 'Adidas', 1016),
(215, 'Under Armour', 751),
(216, 'Hoka', 807),
(217, 'Asics', 508),
(218, 'Tracksmith', 992),
(219, 'Saucony', 363),
(220, 'Brooks', 233),
(221, 'New Balance', 699),
(222, 'Puma', 50),
(223, 'Hoka', 264),
(224, 'Tracksmith', 963),
(225, 'Adidas', 46),
(226, 'Under Armour', 75),
(227, 'Asics', 514),
(228, 'Brooks', 655),
(229, 'Tracksmith', 128),
(230, 'Brooks', 662),
(231, 'Under Armour', 208),
(232, 'Hoka', 350),
(233, 'Adidas', 509),
(234, 'Saucony', 682),
(235, 'New Balance', 1105),
(236, 'Brooks', 867),
(237, 'Brooks', 974),
(238, 'Under Armour', 154),
(239, 'Saucony', 441),
(240, 'Brooks', 579),
(241, 'Hoka', 884),
(242, 'Hoka', 789),
(243, 'Under Armour', 29),
(244, 'New Balance', 246),
(245, 'Puma', 16),
(246, 'Hoka', 162),
(247, 'Asics', 425),
(248, 'Adidas', 259),
(249, 'New Balance', 809),
(250, 'Under Armour', 1126),
(251, 'New Balance', 525),
(252, 'Asics', 749),
(253, 'Adidas', 670),
(254, 'Tracksmith', 437),
(255, 'Asics', 464),
(256, 'Asics', 497),
(257, 'Saucony', 965),
(258, 'Asics', 626),
(259, 'Brooks', 643),
(260, 'Adidas', 458),
(261, 'Saucony', 526),
(262, 'Brooks', 1098),
(263, 'Nike', 107),
(264, 'New Balance', 488),
(265, 'New Balance', 1037),
(266, 'Adidas', 304),
(267, 'Puma', 542),
(268, 'Hoka', 493),
(269, 'Hoka', 738),
(270, 'Puma', 968),
(271, 'Under Armour', 999),
(272, 'Saucony', 312),
(273, 'Adidas', 121),
(274, 'New Balance', 923),
(275, 'Asics', 125),
(276, 'Tracksmith', 397),
(277, 'Nike', 469),
(278, 'Saucony', 933),
(279, 'Adidas', 475),
(280, 'Under Armour', 616),
(281, 'Nike', 964),
(282, 'Puma', 100),
(283, 'New Balance', 341),
(284, 'New Balance', 752),
(285, 'Under Armour', 632),
(286, 'Asics', 633),
(287, 'Puma', 856),
(288, 'Nike', 489),
(289, 'Tracksmith', 418),
(290, 'Hoka', 763),
(291, 'Puma', 711),
(292, 'Adidas', 849),
(293, 'Brooks', 387),
(294, 'Tracksmith', 858),
(295, 'Asics', 1179),
(296, 'Puma', 997),
(297, 'Puma', 926),
(298, 'Hoka', 604),
(299, 'Saucony', 184),
(300, 'Under Armour', 1035),
(301, 'Nike', 394),
(302, 'Saucony', 1139),
(303, 'Asics', 886),
(304, 'Puma', 1050),
(305, 'Hoka', 1111),
(306, 'Brooks', 919),
(307, 'Nike', 1032),
(308, 'Hoka', 54),
(309, 'Under Armour', 205),
(310, 'Hoka', 743),
(311, 'Hoka', 862),
(312, 'Adidas', 599),
(313, 'Saucony', 545),
(314, 'Hoka', 330),
(315, 'Adidas', 250),
(316, 'Brooks', 680),
(317, 'Under Armour', 1061),
(318, 'Adidas', 124),
(319, 'Adidas', 591),
(320, 'Nike', 1106),
(321, 'Nike', 467),
(322, 'Asics', 405),
(323, 'New Balance', 940),
(324, 'Brooks', 637),
(325, 'Under Armour', 790),
(326, 'Tracksmith', 340),
(327, 'Asics', 631),
(328, 'Puma', 505),
(329, 'New Balance', 765),
(330, 'New Balance', 802),
(331, 'Under Armour', 603),
(332, 'New Balance', 260),
(333, 'Asics', 714),
(334, 'New Balance', 915),
(335, 'Asics', 762),
(336, 'Asics', 9),
(337, 'Puma', 1080),
(338, 'Tracksmith', 35),
(339, 'Adidas', 659),
(340, 'Under Armour', 26),
(341, 'Brooks', 389),
(342, 'Adidas', 572),
(343, 'Brooks', 280),
(344, 'Brooks', 368),
(345, 'New Balance', 709),
(346, 'Asics', 860),
(347, 'Brooks', 966),
(348, 'Nike', 186),
(349, 'Hoka', 698),
(350, 'Puma', 949),
(351, 'Under Armour', 1052),
(352, 'Asics', 485),
(353, 'Nike', 113),
(354, 'New Balance', 1135),
(355, 'Puma', 1081),
(356, 'Puma', 462),
(357, 'Nike', 244),
(358, 'Hoka', 1020),
(359, 'Asics', 1024),
(360, 'Puma', 8),
(361, 'Adidas', 528),
(362, 'Nike', 1130),
(363, 'Tracksmith', 185),
(364, 'Saucony', 431),
(365, 'Puma', 989),
(366, 'Tracksmith', 618),
(367, 'Under Armour', 81),
(368, 'Tracksmith', 310),
(369, 'Hoka', 17),
(370, 'Asics', 994),
(371, 'Under Armour', 907),
(372, 'New Balance', 819),
(373, 'Nike', 265),
(374, 'Under Armour', 326),
(375, 'Asics', 273),
(376, 'Nike', 571),
(377, 'Asics', 774),
(378, 'Hoka', 443),
(379, 'Brooks', 517),
(380, 'Saucony', 173),
(381, 'Hoka', 499),
(382, 'Adidas', 885),
(383, 'Brooks', 602),
(384, 'Tracksmith', 77),
(385, 'Hoka', 1090),
(386, 'Asics', 664),
(387, 'New Balance', 1150),
(388, 'Brooks', 448),
(389, 'Hoka', 683),
(390, 'New Balance', 566),
(391, 'Brooks', 863),
(392, 'Under Armour', 1066),
(393, 'Under Armour', 521),
(394, 'Saucony', 831),
(395, 'Brooks', 69),
(396, 'Saucony', 278),
(397, 'New Balance', 623),
(398, 'Under Armour', 1039),
(399, 'Asics', 1145),
(400, 'Under Armour', 715),
(401, 'Brooks', 563),
(402, 'Tracksmith', 1159),
(403, 'Asics', 1026),
(404, 'Tracksmith', 865),
(405, 'Brooks', 334),
(406, 'New Balance', 1033),
(407, 'New Balance', 211),
(408, 'Asics', 491),
(409, 'Asics', 775),
(410, 'Under Armour', 436),
(411, 'Nike', 302),
(412, 'Adidas', 1087),
(413, 'Puma', 1143),
(414, 'Nike', 768),
(415, 'New Balance', 874),
(416, 'Under Armour', 821),
(417, 'Under Armour', 1125),
(418, 'Puma', 274),
(419, 'Asics', 157),
(420, 'New Balance', 638),
(421, 'Asics', 66),
(422, 'Hoka', 294),
(423, 'Adidas', 90),
(424, 'Brooks', 194),
(425, 'Tracksmith', 134),
(426, 'Hoka', 519),
(427, 'New Balance', 1147),
(428, 'Under Armour', 248),
(429, 'Tracksmith', 524),
(430, 'Brooks', 798),
(431, 'Puma', 391),
(432, 'Hoka', 210),
(433, 'Saucony', 1124),
(434, 'Nike', 800),
(435, 'Under Armour', 39),
(436, 'Brooks', 1073),
(437, 'Nike', 417),
(438, 'Hoka', 610),
(439, 'Hoka', 21),
(440, 'New Balance', 609),
(441, 'Tracksmith', 1047),
(442, 'Adidas', 120),
(443, 'Brooks', 961),
(444, 'Saucony', 663),
(445, 'New Balance', 635),
(446, 'Puma', 58),
(447, 'Under Armour', 377),
(448, 'Tracksmith', 79),
(449, 'Hoka', 140),
(450, 'Hoka', 279),
(451, 'Under Armour', 577),
(452, 'Hoka', 764),
(453, 'Asics', 382),
(454, 'Under Armour', 710),
(455, 'Under Armour', 960),
(456, 'New Balance', 846),
(457, 'Adidas', 1164),
(458, 'Asics', 745),
(459, 'Under Armour', 857),
(460, 'New Balance', 1166),
(461, 'New Balance', 416),
(462, 'Hoka', 642),
(463, 'Puma', 474),
(464, 'Under Armour', 1043),
(465, 'Saucony', 1165),
(466, 'Hoka', 737),
(467, 'Adidas', 859),
(468, 'Brooks', 535),
(469, 'Tracksmith', 617),
(470, 'Hoka', 492),
(471, 'Tracksmith', 444),
(472, 'New Balance', 1120),
(473, 'Under Armour', 694),
(474, 'Tracksmith', 971),
(475, 'Brooks', 145),
(476, 'Under Armour', 352),
(477, 'Tracksmith', 739),
(478, 'Tracksmith', 828),
(479, 'Adidas', 1010),
(480, 'Adidas', 910),
(481, 'Tracksmith', 1094),
(482, 'New Balance', 1049),
(483, 'Puma', 96),
(484, 'Asics', 1055),
(485, 'Brooks', 321),
(486, 'New Balance', 239),
(487, 'Brooks', 600),
(488, 'Saucony', 864),
(489, 'Adidas', 914),
(490, 'New Balance', 2),
(491, 'New Balance', 1013),
(492, 'Asics', 355),
(493, 'Puma', 4),
(494, 'Hoka', 1082),
(495, 'Saucony', 1119),
(496, 'New Balance', 1021),
(497, 'Saucony', 574),
(498, 'Brooks', 937),
(499, 'Brooks', 924),
(500, 'Brooks', 921),
(501, 'Under Armour', 454),
(502, 'Puma', 730),
(503, 'Adidas', 427),
(504, 'New Balance', 706),
(505, 'Tracksmith', 801),
(506, 'Under Armour', 657),
(507, 'Adidas', 882),
(508, 'Asics', 201),
(509, 'Under Armour', 43),
(510, 'New Balance', 118),
(511, 'Hoka', 562),
(512, 'Nike', 713),
(513, 'Hoka', 47),
(514, 'Under Armour', 289),
(515, 'Under Armour', 1153),
(516, 'Asics', 842),
(517, 'Saucony', 671),
(518, 'Nike', 669),
(519, 'Under Armour', 612),
(520, 'New Balance', 1041),
(521, 'Tracksmith', 952),
(522, 'Nike', 594),
(523, 'Puma', 82),
(524, 'Tracksmith', 539),
(525, 'Adidas', 533),
(526, 'Puma', 318),
(527, 'Adidas', 808),
(528, 'Tracksmith', 1103),
(529, 'Asics', 1012),
(530, 'Nike', 691),
(531, 'Nike', 1000),
(532, 'Hoka', 322),
(533, 'Saucony', 206),
(534, 'Nike', 786),
(535, 'Hoka', 702),
(536, 'Hoka', 892),
(537, 'New Balance', 945),
(538, 'New Balance', 548),
(539, 'Nike', 380),
(540, 'Nike', 605),
(541, 'Puma', 913),
(542, 'Adidas', 494),
(543, 'Under Armour', 677),
(544, 'Hoka', 658),
(545, 'Asics', 824),
(546, 'Nike', 639),
(547, 'Under Armour', 234),
(548, 'Saucony', 379),
(549, 'New Balance', 1004),
(550, 'Asics', 37),
(551, 'Asics', 428),
(552, 'Brooks', 314),
(553, 'Nike', 256),
(554, 'Asics', 378),
(555, 'Puma', 1053),
(556, 'New Balance', 712),
(557, 'Puma', 163),
(558, 'Hoka', 452),
(559, 'Adidas', 877),
(560, 'Brooks', 970),
(561, 'Puma', 829),
(562, 'Tracksmith', 883),
(563, 'Asics', 1051),
(564, 'Tracksmith', 679),
(565, 'New Balance', 757),
(566, 'Tracksmith', 73),
(567, 'Tracksmith', 360),
(568, 'Adidas', 1067),
(569, 'Nike', 14),
(570, 'Saucony', 114),
(571, 'Under Armour', 447),
(572, 'Brooks', 644),
(573, 'Nike', 733),
(574, 'Saucony', 320),
(575, 'Asics', 253),
(576, 'Adidas', 881),
(577, 'New Balance', 370),
(578, 'Tracksmith', 1015),
(579, 'Under Armour', 374),
(580, 'Puma', 1007),
(581, 'Puma', 133),
(582, 'Tracksmith', 346),
(583, 'Tracksmith', 724),
(584, 'Nike', 487),
(585, 'Brooks', 218),
(586, 'Asics', 503),
(587, 'Nike', 1116),
(588, 'Saucony', 909),
(589, 'New Balance', 833),
(590, 'New Balance', 170);
INSERT INTO Training_Plans_Descriptions (plan_id, plan_description, plan_length_weeks) VALUES
(1, 'Beginner Marathon Plan: 16-week build-up', 16),
(2, 'Intermediate Marathon Plan: 12-week build-up', 12),
(3, 'Advanced Marathon Plan: 18-week build-up', 18),
(4, 'Elite Marathon Plan: 24-week build-up', 24),
(5, '5K to Marathon Transition Plan: 20-week build-up', 20),
(6, 'Half-Marathon to Marathon Plan: 14-week build-up', 14),
(7, 'Strength and Conditioning Focus Plan: 10-week build-up', 10),
(8, 'Speed Work Focus Plan: 12-week build-up', 12),
(9, 'Long Distance Endurance Focus Plan: 22-week build-up', 22),
(10, 'Customized Marathon Plan: 16-week build-up', 16);
