"customer_id","address_id","status_id"
1650,804,1
1317,511,1
723,214,1
534,529,1
1888,506,1
500,799,1
1878,258,1
1542,434,1
1403,198,1
1313,860,1
107,430,1
838,765,1
1954,366,1
1707,5,1
924,655,1
1952,90,1
1932,704,1
229,440,1
737,437,1
348,748,1
1514,246,1
1146,142,1
132,841,1
816,938,1
1918,136,1
43,730,1
747,446,1
1732,372,1
77,983,1
336,650,1
686,145,1
1190,422,1
1182,914,1
256,365,1
1332,132,1
422,517,1
583,443,1
1857,227,1
746,514,1
615,92,1
1215,821,1
884,375,1
335,220,1
622,427,1
1273,222,1
681,445,1
84,542,1
1508,717,1
858,634,1
1647,185,1
1386,146,1
1154,977,1
589,760,1
1827,442,1
1447,374,1
1081,217,1
1390,924,1
1438,147,1
479,786,1
904,396,1
331,308,1
292,555,1
1726,484,1
22,631,1
1780,613,1
712,8,1
1619,736,1
362,315,1
1051,885,1
928,589,1
195,148,1
1614,683,1
145,628,1
541,61,1
1800,795,1
1922,177,1
1170,10,1
713,377,1
598,203,1
1504,947,1
1440,120,1
588,436,1
910,336,1
1194,926,1
847,558,1
92,950,1
1642,832,1
89,690,1
938,82,1
188,355,1
252,86,1
524,693,1
1804,685,1
1066,183,1
1428,726,1
954,849,1
1452,844,1
461,943,1
462,156,1
1181,552,1
1939,669,1
1265,41,1
1498,646,1
320,423,1
917,966,1
1920,705,1
197,171,1
508,979,1
879,756,1
1420,858,1
832,321,1
776,188,1
660,706,1
75,880,1
1169,298,1
610,204,1
1704,299,1
1880,762,1
1105,415,1
486,975,1
1909,274,1
1402,590,1
687,656,1
756,419,1
1267,830,1
619,792,1
763,283,1
119,908,1
1271,653,1
277,301,1
371,551,1
270,587,1
1980,964,1
1823,359,1
101,701,1
350,679,1
1626,354,1
817,913,1
1672,400,1
1356,143,1
1014,181,1
1874,330,1
1767,439,1
1484,361,1
849,769,1
865,523,1
952,87,1
403,42,1
1581,96,1
1441,472,1
842,263,1
510,273,1
1034,284,1
8,644,1
1915,617,1
395,304,1
1831,972,1
15,170,1
1815,915,1
1551,397,1
1895,939,1
1660,371,1
1786,133,1
1193,319,1
288,724,1
1127,890,1
975,764,1
1606,671,1
705,668,1
1803,675,1
200,50,1
1494,602,1
1852,504,1
1824,30,1
1998,398,1
822,578,1
1075,58,1
1476,493,1
1043,648,1
156,202,1
338,458,1
1163,699,1
923,697,1
495,367,1
1731,212,1
1639,598,1
402,825,1
1254,741,1
47,901,1
223,727,1
1449,647,1
766,134,1
585,603,1
418,687,1
289,98,1
620,45,1
1157,554,1
1276,3,1
555,861,1
1719,620,1
818,645,1
1531,600,1
1855,512,1
468,516,1
337,866,1
1949,325,1
59,323,1
520,961,1
1097,131,1
522,431,1
360,942,1
273,54,1
1016,78,1
664,808,1
1941,740,1
196,489,1
157,448,1
425,495,1
644,579,1
1976,210,1
646,485,1
1775,522,1
1602,728,1
1297,266,1
1633,110,1
1139,659,1
545,55,1
587,777,1
1718,225,1
1400,897,1
1323,708,1
1788,954,1
1817,982,1
637,88,1
351,238,1
801,237,1
1166,486,1
1651,464,1
1545,18,1
1649,941,1
983,925,1
724,63,1
1840,882,1
1610,494,1
993,251,1
1527,309,1
433,56,1
691,905,1
624,820,1
42,576,1
527,965,1
1121,53,1
11,463,1
1079,816,1
424,694,1
1772,684,1
1064,847,1
376,209,1
170,550,1
1225,955,1
480,508,1
323,750,1
1487,22,1
1870,867,1
1111,791,1
477,953,1
1896,862,1
148,521,1
861,80,1
1361,843,1
1635,318,1
546,532,1
630,193,1
1130,877,1
1302,153,1
112,351,1
544,40,1
1755,382,1
231,686,1
1465,513,1
775,681,1
908,342,1
1002,384,1
1695,64,1
1237,803,1
1385,833,1
503,729,1
614,715,1
989,597,1
604,609,1
1050,758,1
239,125,1
1890,767,1
1842,502,1
340,226,1
1982,373,1
1104,773,1
772,376,1
1950,420,1
454,28,1
1118,123,1
1933,845,1
511,115,1
1281,124,1
538,59,1
1152,584,1
966,987,1
1689,556,1
1981,992,1
1013,262,1
1434,933,1
1040,974,1
1821,621,1
1239,870,1
472,624,1
1618,476,1
155,696,1
632,244,1
797,985,1
625,182,1
782,595,1
517,265,1
38,695,1
635,253,1
1029,643,1
979,594,1
1217,444,1
446,206,1
49,438,1
436,221,1
135,625,1
1929,269,1
1802,208,1
471,314,1
76,968,1
853,363,1
913,971,1
1138,407,1
494,104,1
1510,211,1
1721,714,1
70,17,1
81,531,1
586,38,1
580,294,1
852,869,1
907,223,1
48,688,1
149,998,1
199,520,1
1489,257,1
1524,26,1
133,775,1
71,876,1
1530,307,1
1315,949,1
744,126,1
915,121,1
566,97,1
965,453,1
1645,29,1
356,451,1
1337,230,1
262,474,1
306,562,1
361,969,1
90,960,1
914,229,1
1125,810,1
1866,352,1
1039,700,1
1264,37,1
1360,462,1
1605,224,1
999,826,1
1392,673,1
180,360,1
1030,471,1
134,27,1
509,345,1
261,802,1
1228,172,1
1142,887,1
1213,492,1
1873,184,1
1868,713,1
1328,931,1
249,410,1
1526,305,1
653,68,1
1031,272,1
281,538,1
1664,797,1
442,199,1
1892,190,1
1737,836,1
1838,722,1
1115,923,1
1691,340,1
1762,567,1
1787,888,1
804,278,1
284,500,1
590,626,1
243,16,1
663,105,1
1300,482,1
1777,255,1
941,920,1
537,316,1
218,828,1
706,425,1
1382,1,1
1792,496,1
1928,536,1
198,404,1
16,235,1
1863,127,1
151,405,1
694,135,1
735,753,1
1129,469,1
1495,660,1
1238,892,1
507,649,1
1739,23,1
1460,112,1
304,2,1
639,334,1
383,403,1
846,980,1
1749,414,1
674,605,1
1935,150,1
1036,601,1
1841,350,1
498,196,1
490,179,1
1306,328,1
1697,231,1
523,956,1
1764,831,1
892,433,1
1289,936,1
6,232,1
1186,677,1
241,218,1
1957,461,1
94,306,1
1470,390,1
642,743,1
222,1000,1
711,66,1
1534,990,1
1682,636,1
1677,935,1
834,663,1
1352,566,1
237,194,1
1240,144,1
1492,742,1
1728,270,1
1809,228,1
1567,665,1
117,149,1
851,783,1
465,907,1
1197,608,1
1376,459,1
1785,744,1
1278,300,1
142,618,1
1554,252,1
1848,389,1
115,287,1
843,467,1
710,881,1
626,533,1
692,392,1
269,205,1
643,277,1
400,478,1
1724,271,1
347,709,1
799,85,1
707,95,1
1778,507,1
483,441,1
399,249,1
581,703,1
628,378,1
1713,581,1
18,161,1
234,288,1
1791,313,1
1017,549,1
1576,813,1
139,151,1
678,165,1
1938,9,1
623,141,1
1801,678,1
1119,11,1
881,488,1
1743,680,1
1811,195,1
1143,216,1
811,426,1
609,175,1
640,662,1
1488,932,1
373,732,1
1796,402,1
1538,254,1
947,34,1
514,917,1
1758,779,1
1699,996,1
106,173,1
850,934,1
1174,592,1
1241,24,1
254,537,1
1009,192,1
1497,528,1
1087,297,1
1307,984,1
1829,100,1
578,599,1
1103,652,1
1956,207,1
124,976,1
1451,260,1
1107,749,1
1292,854,1
242,691,1
1299,154,1
10,465,1
1216,320,1
474,139,1
325,31,1
184,421,1
1406,487,1
1482,793,1
1198,871,1
1696,940,1
931,814,1
1579,280,1
719,32,1
1148,640,1
986,855,1
1423,282,1
1946,787,1
1711,895,1
72,102,1
1409,780,1
531,276,1
528,169,1
633,840,1
1037,540,1
777,186,1
298,477,1
1483,886,1
963,435,1
287,197,1
1990,824,1
671,642,1
1988,801,1
1693,564,1
489,275,1
1416,944,1
1437,568,1
574,981,1
174,466,1
978,176,1
14,503,1
1638,894,1
1974,457,1
669,129,1
33,785,1
1321,910,1
991,348,1
857,452,1
225,884,1
836,70,1
1082,233,1
453,339,1
1591,865,1
611,155,1
19,946,1
1577,394,1
1293,544,1
1094,432,1
1851,380,1
1262,409,1
708,929,1
666,25,1
680,79,1
1227,509,1
259,918,1
800,393,1
405,302,1
1926,490,1
1235,256,1
1992,807,1
1598,119,1
647,118,1
451,174,1
143,999,1
232,332,1
1835,654,1
1421,859,1
896,771,1
1965,994,1
995,812,1
1372,692,1
1864,159,1
1578,781,1
410,519,1
1368,293,1
146,530,1
61,311,1
207,346,1
767,848,1
1903,639,1
1872,468,1
920,875,1
1274,614,1
815,480,1
731,413,1
1388,835,1
1397,823,1
1474,796,1
272,958,1
1571,501,1
1113,806,1
1859,109,1
1867,919,1
1839,596,1
1295,607,1
1032,745,1
78,113,1
1885,343,1
1249,535,1
942,973,1
122,138,1
258,381,1
342,369,1
1220,470,1
898,290,1
784,191,1
194,543,1
3,763,1
774,310,1
192,698,1
140,585,1
1325,716,1
1291,201,1
1575,324,1
1090,610,1
1134,629,1
1931,67,1
1471,395,1
1951,800,1
2,312,1
828,746,1
1033,545,1
1971,103,1
1861,261,1
339,772,1
596,36,1
1964,623,1
1242,829,1
283,213,1
1753,899,1
125,588,1
1881,957,1
1688,162,1
365,200,1
1515,65,1
1501,460,1
164,268,1
1600,723,1
1943,798,1
464,637,1
398,635,1
1404,412,1
315,43,1
1310,615,1
1061,337,1
312,71,1
1020,44,1
30,978,1
55,116,1
175,46,1
1266,385,1
987,790,1
1161,733,1
1346,718,1
1741,338,1
961,327,1
1303,630,1
1366,853,1
1539,317,1
1244,837,1
217,988,1
1609,281,1
1455,970,1
1253,664,1
1858,368,1
1311,720,1
1457,518,1
1486,391,1
929,510,1
1919,627,1
662,539,1
532,991,1
211,219,1
676,525,1
974,189,1
1549,7,1
1285,166,1
271,91,1
1705,137,1
1001,784,1
617,163,1
1937,993,1
136,945,1
220,809,1
1505,239,1
1479,83,1
1331,289,1
1765,49,1
7,682,1
1556,911,1
793,456,1
718,751,1
1395,99,1
1807,863,1
341,505,1
1387,158,1
384,788,1
1799,6,1
703,101,1
1178,721,1
295,573,1
971,450,1
327,989,1
521,711,1
1123,565,1
1593,766,1
1067,259,1
434,842,1
1268,178,1
255,864,1
328,757,1
1344,243,1
154,759,1
1108,356,1
1535,499,1
1348,515,1
1381,670,1
317,846,1
568,948,1
159,491,1
116,563,1
488,778,1
359,333,1
600,674,1
1450,335,1
1900,240,1
880,850,1
1655,341,1
970,768,1
182,77,1
1887,180,1
1921,891,1
690,81,1
1940,84,1
1279,526,1
1548,782,1
393,838,1
1078,326,1
867,362,1
178,633,1
1663,547,1
1114,583,1
1035,215,1
779,416,1
950,89,1
236,408,1
1054,611,1
1336,387,1
571,774,1
1681,108,1
493,672,1
953,406,1
1162,291,1
450,604,1
1586,160,1
697,75,1
1790,937,1
683,48,1
1047,241,1
1797,569,1
1597,69,1
285,851,1
748,429,1
573,411,1
1613,739,1
1528,286,1
343,107,1
1184,401,1
1833,383,1
1153,51,1
1568,902,1
955,534,1
709,473,1
773,893,1
1712,737,1
794,676,1
808,39,1
1305,559,1
1277,295,1
1766,248,1
191,546,1
1822,114,1
396,839,1
577,364,1
109,418,1
121,35,1
485,927,1
414,856,1
1167,997,1
1245,900,1
1730,157,1
1798,358,1
1747,889,1
1171,725,1
1109,19,1
1229,117,1
32,735,1
1561,794,1
576,93,1
475,344,1
519,805,1
394,883,1
895,279,1
1250,106,1
456,14,1
63,242,1
1116,20,1
429,497,1
972,761,1
141,952,1
1131,329,1
1222,152,1
1773,770,1
798,557,1
599,619,1
363,710,1
1889,187,1
1226,904,1
1106,62,1
1917,593,1
1544,874,1
1319,577,1
173,641,1
1985,527,1
1632,962,1
1503,638,1
230,612,1
127,331,1
876,776,1
219,873,1
1012,661,1
1309,15,1
1362,967,1
591,428,1
1615,60,1
740,386,1
668,236,1
40,33,1
982,755,1
921,574,1
417,754,1
1046,455,1
1565,168,1
1477,349,1
567,622,1
303,292,1
1517,449,1
1795,267,1
1364,21,1
551,995,1
321,498,1
216,928,1
575,140,1
951,572,1
1172,811,1
41,560,1
1414,922,1
1746,561,1
1621,424,1
68,606,1
152,747,1
1069,234,1
1168,541,1
572,370,1
652,57,1
730,657,1
165,822,1
79,13,1
1149,111,1
807,666,1
650,483,1
1671,417,1
1041,817,1
1263,357,1
1636,834,1
1604,852,1
1559,912,1
46,322,1
419,731,1
813,651,1
888,52,1
526,959,1
1516,818,1
1989,667,1
1038,819,1
1374,712,1
387,250,1
168,303,1
786,930,1
1481,454,1
1676,524,1
1944,734,1
1091,616,1
264,719,1
859,963,1
301,815,1
930,658,1
1326,347,1
370,872,1
1759,130,1
1191,752,1
99,245,1
1283,789,1
543,122,1
1095,591,1
964,903,1
1916,285,1
1806,586,1
916,73,1
870,738,1
866,164,1
1073,479,1
704,72,1
1415,74,1
1529,388,1
796,689,1
1717,167,1
830,12,1
1583,571,1
1779,575,1
651,582,1
260,247,1
452,399,1
582,951,1
560,296,1
1910,916,1
939,76,1
276,868,1
354,264,1
768,548,1
245,906,1
215,986,1
1543,447,1
601,898,1
1596,827,1
1260,128,1
1160,580,1
552,921,1
1045,896,1
1322,707,1
1473,475,1
608,553,1
562,909,1
228,878,1
56,857,1
1454,379,1
629,94,1
1159,702,1
957,481,1
1905,570,1
214,879,1
547,353,1
862,632,1
382,4,1
684,47,1
1480,677,1
878,606,1
77,343,1
812,329,1
617,334,1
1433,425,1
1320,843,1
1616,408,1
66,923,1
1885,715,1
382,817,1
1957,995,1
1516,139,1
1839,527,1
1690,780,1
1770,436,1
469,669,1
1479,800,1
401,772,1
150,148,1
153,364,1
1280,293,1
1215,815,1
1796,347,1
1546,753,1
1541,381,1
238,297,1
1161,691,1
1183,126,1
92,930,1
895,908,1
765,197,1
365,386,1
998,625,1
358,363,1
1922,899,1
759,719,1
1484,917,1
1430,659,1
660,182,1
1965,986,1
520,759,1
302,886,1
1835,795,1
1833,118,1
50,648,1
1391,700,1
1013,634,1
319,152,1
197,594,1
839,28,1
619,328,1
1880,193,1
1415,971,1
1167,577,1
1314,541,1
192,93,1
60,385,1
1082,717,1
507,678,1
1938,514,1
47,990,1
868,992,1
521,862,1
1565,824,1
1247,284,1
349,560,1
1513,414,1
1648,607,1
1067,413,1
1935,331,1
577,892,1
995,189,1
1866,883,1
367,837,1
74,519,1
34,961,1
1231,734,1
145,831,1
927,268,1
808,351,1
570,895,1
615,982,1
769,378,1
1463,642,1
394,310,1
1851,355,1
299,454,1
1572,911,1
855,307,1
612,942,1
892,496,1
1671,808,1
1416,660,1
1367,939,1
391,476,1
1410,863,1
1524,576,1
1119,383,1
1435,701,1
618,962,1
167,346,1
465,551,1
486,731,1
984,323,1
902,966,1
1679,557,1
1134,313,1
809,54,1
897,127,1
748,661,1
664,98,1
386,267,1
1693,460,1
1893,547,1
370,449,1
1074,70,1
1627,145,1
1814,42,1
1614,855,1
1742,526,1
241,805,1
1989,137,1
1408,646,1
1626,79,1
514,744,1
325,232,1
531,186,1
70,8,1
169,490,1
608,851,1
1864,528,1
1053,783,1
1070,728,1
18,933,1
1761,437,1
1020,587,1
106,367,1
1126,395,1
584,716,1
1521,619,1
687,572,1
1601,809,1
1655,2,1
1607,658,1
1046,907,1
93,203,1
438,832,1
680,472,1
1804,398,1
1009,86,1
580,944,1
1142,763,1
831,796,1
1002,87,1
585,919,1
750,740,1
967,984,1
1642,782,1
90,21,1
1568,37,1
1157,732,1
21,482,1
1177,741,1
905,555,1
1790,591,1
1685,687,1
261,530,1
762,784,1
1808,320,1
1029,345,1
1985,213,1
731,303,1
28,439,1
1016,173,1
155,176,1
1049,893,1
1925,450,1
1012,947,1
476,873,1
834,22,1
1125,163,1
323,566,1
98,705,1
1729,881,1
689,775,1
1132,187,1
1991,912,1
859,756,1
305,902,1
536,510,1
1040,996,1
917,631,1
347,51,1
1361,80,1
1827,64,1
127,384,1
430,965,1
594,150,1
829,90,1
490,11,1
893,122,1
1499,78,1
1543,518,1
1720,755,1
348,807,1
1542,884,1
42,390,1
53,729,1
1417,769,1
1453,565,1
437,422,1
685,445,1
940,980,1
1316,611,1
1539,350,1
1418,487,1
49,927,1
1096,316,1
797,407,1
1335,506,1
1217,968,1
345,179,1
982,762,1
517,924,1
793,987,1
646,840,1
1382,76,1
926,327,1
883,645,1
1250,451,1
631,690,1
1850,228,1
1199,420,1
757,140,1
1309,39,1
772,552,1
396,339,1
1315,623,1
607,901,1
781,83,1
1785,430,1
431,605,1
1028,841,1
1694,74,1
1352,812,1
104,113,1
429,196,1
589,81,1
1861,229,1
1812,652,1
1969,352,1
716,266,1
705,230,1
220,724,1
1765,77,1
1581,295,1
1883,227,1
1617,978,1
1907,662,1
138,750,1
1703,668,1
400,45,1
807,761,1
1025,199,1
1725,629,1
39,112,1
147,3,1
766,296,1
462,988,1
421,974,1
671,110,1
1115,768,1
690,896,1
289,549,1
423,40,1
1843,416,1
1270,269,1
480,221,1
1490,730,1
955,972,1
622,835,1
1450,4,1
1862,71,1
1815,244,1
1334,251,1
1755,787,1
616,48,1
1257,621,1
301,200,1
1426,373,1
1802,931,1
1605,366,1
247,389,1
887,361,1
516,575,1
681,849,1
279,442,1
1498,592,1
882,34,1
96,190,1
1891,301,1
353,860,1
503,821,1
1870,676,1
533,211,1
214,161,1
1409,46,1
1175,209,1
721,402,1
1222,291,1
41,183,1
600,636,1
1784,273,1
1715,726,1
282,570,1
1858,627,1
1219,505,1
125,43,1
1583,271,1
896,212,1
932,405,1
1776,508,1
997,158,1
1660,336,1
1575,191,1
230,415,1
374,458,1
1290,556,1
205,856,1
1753,308,1
208,441,1
1856,30,1
1573,845,1
444,207,1
134,9,1
1077,19,1
43,630,1
918,858,1
732,459,1
340,359,1
324,210,1
1518,643,1
112,473,1
14,925,1
1892,568,1
1525,650,1
1197,574,1
123,573,1
1440,280,1
1577,727,1
537,914,1
1372,465,1
111,17,1
1656,147,1
447,743,1
182,253,1
1730,888,1
1769,155,1
667,503,1
919,748,1
1613,91,1
120,185,1
420,298,1
1104,423,1
1596,774,1
362,818,1
1689,985,1
388,246,1
603,55,1
1778,208,1
526,131,1
1855,379,1
657,56,1
1639,264,1
658,88,1
647,440,1
972,749,1
36,169,1
225,803,1
802,628,1
1149,143,1
330,950,1
1952,936,1
816,934,1
1209,254,1
76,810,1
1756,747,1
1398,105,1
703,870,1
1764,822,1
1526,865,1
1472,495,1
1310,596,1
760,26,1
720,852,1
1000,134,1
1212,248,1
251,475,1
481,376,1
1406,290,1
243,168,1
114,342,1
559,973,1
322,92,1
1598,446,1
1033,151,1
1911,50,1
1771,672,1
211,348,1
1993,943,1
1723,467,1
1092,928,1
1697,954,1
642,65,1
1342,500,1
1540,84,1
25,205,1
368,317,1
677,49,1
494,455,1
969,819,1
1288,702,1
1972,983,1
936,786,1
599,252,1
1654,760,1
1510,958,1
535,979,1
1798,53,1
1538,797,1
485,874,1
938,871,1
126,58,1
199,689,1
1645,640,1
13,226,1
1271,220,1
475,698,1
1783,108,1
1386,766,1
1274,588,1
1982,937,1
4,546,1
1144,718,1
1017,674,1
1774,839,1
1676,779,1
937,693,1
209,154,1
1438,138,1
1749,548,1
548,368,1
1794,330,1
191,663,1
55,434,1
970,15,1
224,453,1
1118,608,1
774,237,1
341,202,1
499,401,1
1595,637,1
1549,259,1
87,641,1
1436,477,1
1432,360,1
1980,714,1
529,332,1
1091,850,1
1139,104,1
944,882,1
293,47,1
1348,887,1
1555,452,1
1879,820,1
207,396,1
1060,464,1
484,275,1
1181,195,1
1375,129,1
1979,20,1
1298,524,1
267,412,1
1465,723,1
1721,537,1
961,428,1
1388,276,1
592,745,1
59,581,1
751,722,1
1047,834,1
1083,201,1
1501,793,1
498,94,1
273,146,1
1732,595,1
1180,599,1
1552,848,1
1048,542,1
1268,903,1
1578,494,1
1286,685,1
202,178,1
1122,305,1
1994,844,1
1054,545,1
1066,247,1
1449,736,1
510,725,1
385,833,1
697,170,1
930,107,1
738,853,1
1537,427,1
1531,553,1
838,69,1
1078,149,1
763,18,1
304,257,1
730,713,1
857,872,1
1772,215,1
1682,362,1
1604,898,1
140,24,1
239,241,1
1819,758,1
1898,981,1
973,82,1
1201,471,1
907,289,1
1439,964,1
1412,279,1
1918,235,1
292,816,1
406,233,1
195,238,1
1090,249,1
1318,536,1
1113,95,1
1745,372,1
277,479,1
407,7,1
803,142,1
800,683,1
515,512,1
822,532,1
1867,192,1
1793,529,1
679,915,1
2,857,1
72,314,1
1750,955,1
1043,584,1
129,535,1
1350,838,1
636,878,1
1339,243,1
228,823,1
920,590,1
845,133,1
852,994,1
1912,497,1
32,539,1
641,468,1
560,651,1
1757,198,1
1963,184,1
344,369,1
1279,358,1
1303,900,1
1988,522,1
1059,624,1
1634,263,1
634,335,1
1437,255,1
877,733,1
726,603,1
1141,679,1
1202,114,1
1667,891,1
452,391,1
1395,929,1
844,419,1
1602,963,1
1955,894,1
963,697,1
1589,699,1
1034,538,1
1061,781,1
863,999,1
113,341,1
1746,318,1
234,866,1
1789,444,1
31,489,1
1097,827,1
152,906,1
933,940,1
958,586,1
842,217,1
627,554,1
26,997,1
1182,804,1
1724,399,1
1977,73,1
17,411,1
693,262,1
1713,406,1
1734,119,1
574,121,1
1823,319,1
1482,767,1
1997,106,1
931,365,1
1799,438,1
1621,312,1
317,671,1
1633,117,1
1810,281,1
1068,156,1
118,14,1
572,469,1
557,991,1
1838,287,1
1377,162,1
1871,771,1
1413,666,1
1930,41,1
30,602,1
83,811,1
1747,403,1
752,68,1
232,392,1
1515,601,1
1455,712,1
626,708,1
885,397,1
75,16,1
1534,861,1
115,410,1
1489,132,1
824,842,1
335,720,1
236,664,1
1563,788,1
672,977,1
1966,166,1
248,806,1
708,174,1
1403,626,1
457,10,1
505,935,1
637,153,1
1558,777,1
68,31,1
46,531,1
204,869,1
78,511,1
449,791,1
354,622,1
1593,265,1
275,457,1
875,101,1
1166,926,1
1718,709,1
1022,393,1
351,885,1
1237,813,1
1636,875,1
298,387,1
265,311,1
149,959,1
840,703,1
1533,688,1
1557,502,1
1120,600,1
913,462,1
1974,443,1
103,616,1
1018,285,1
390,160,1
1256,632,1
1829,604,1
1820,561,1
384,614,1
1160,696,1
1311,976,1
148,35,1
865,949,1
1712,171,1
361,258,1
1958,493,1
879,513,1
1236,773,1
296,177,1
257,181,1
179,72,1
1031,638,1
891,272,1
1716,102,1
755,424,1
213,478,1
1445,32,1
350,975,1
588,879,1
820,507,1
711,128,1
609,256,1
912,374,1
1495,67,1
630,945,1
1588,790,1
651,370,1
715,876,1
605,250,1
1302,880,1
729,910,1
827,825,1
977,400,1
1606,371,1
699,525,1
1908,431,1
1853,491,1
1063,394,1
295,324,1
1038,283,1
1630,96,1
979,735,1
1476,288,1
1169,890,1
1105,5,1
633,909,1
94,377,1
1358,245,1
1913,231,1
1683,957,1
1904,499,1
573,540,1
1619,597,1
1026,165,1
864,737,1
162,357,1
1224,558,1
950,970,1
1287,501,1
1551,830,1
1890,913,1
1282,120,1
785,684,1
450,409,1
789,388,1
1163,739,1
1739,239,1
1941,509,1
1357,952,1
1145,12,1
19,204,1
583,353,1
1763,578,1
872,337,1
1910,704,1
1362,461,1
1227,692,1
1996,25,1
924,523,1
339,306,1
552,111,1
1517,223,1
88,612,1
1740,922,1
1225,836,1
1397,534,1
621,99,1
1094,52,1
1392,356,1
1895,593,1
1150,520,1
1767,375,1
566,667,1
945,569,1
1847,261,1
95,222,1
1254,798,1
871,225,1
1044,828,1
1597,993,1
1052,794,1
994,585,1
962,474,1
327,897,1
1404,613,1
587,274,1
20,562,1
1466,315,1
911,754,1
1056,789,1
549,657,1
1945,426,1
558,325,1
1233,610,1
1875,765,1
424,742,1
1251,299,1
1576,920,1
1680,550,1
886,620,1
551,432,1
1670,785,1
745,75,1
1172,967,1
656,236,1
890,859,1
787,517,1
1971,504,1
666,864,1
1669,969,1
315,23,1
1218,206,1
1553,654,1
1198,877,1
1590,639,1
1959,904,1
694,463,1
1688,778,1
718,326,1
922,418,1
1344,421,1
1170,321,1
1005,567,1
509,582,1
1399,175,1
1121,918,1
440,776,1
210,103,1
203,644,1
1951,89,1
851,711,1
1304,738,1
1927,300,1
1295,100,1
835,44,1
1781,905,1
1706,854,1
412,951,1
1232,757,1
691,521,1
1366,85,1
853,62,1
1123,130,1
471,516,1
168,242,1
1189,429,1
1261,543,1
1101,867,1
170,721,1
904,480,1
69,144,1
987,354,1
172,589,1
171,309,1
597,889,1
237,333,1
598,571,1
1494,36,1
934,618,1
806,953,1
313,63,1
794,579,1
613,686,1
307,998,1
269,799,1
1566,29,1
1863,921,1
1894,938,1
1481,188,1
814,941,1
1281,483,1
1425,338,1
451,847,1
1193,224,1
546,498,1
316,447,1
620,764,1
525,707,1
1797,609,1
1968,159,1
644,456,1
1869,484,1
271,948,1
1428,214,1
1622,124,1
283,135,1
311,485,1
33,417,1
1471,304,1
1661,382,1
411,109,1
1849,826,1
1427,194,1
1462,635,1
1221,27,1
1383,647,1
139,617,1
1124,989,1
1791,302,1
778,61,1
1852,218,1
1803,932,1
980,466,1
130,66,1
704,655,1
821,1,1
116,141,1
1146,97,1
1681,340,1
1276,322,1
684,960,1
405,136,1
1722,746,1
1159,868,1
591,633,1
54,486,1
495,167,1
410,488,1
459,38,1
983,694,1
1701,656,1
547,278,1
1407,846,1
1467,216,1
508,559,1
1349,615,1
678,751,1
719,802,1
841,665,1
160,6,1
928,125,1
1332,583,1
1787,770,1
1185,695,1
1057,814,1
1859,680,1
867,57,1
439,115,1
101,563,1
5,13,1
1127,706,1
1587,470,1
1714,59,1
1390,180,1
1663,946,1
1944,829,1
122,673,1
1741,164,1
761,649,1
1662,675,1
1780,433,1
1032,533,1
355,956,1
801,792,1
1504,60,1
1924,481,1
79,653,1
1650,515,1
1609,286,1
360,123,1
1986,292,1
870,282,1
786,344,1
1110,681,1
1535,682,1
268,219,1
1111,172,1
727,294,1
1088,916,1
290,448,1
1475,580,1
1196,157,1
1686,564,1
332,349,1
734,380,1
889,598,1
64,270,1
487,260,1
1072,435,1
1192,234,1
502,33,1
276,752,1
184,404,1
1173,801,1
1370,116,1
534,670,1
1773,710,1
847,277,1
135,544,1
297,1000,1
373,492,1
117,240,1
709,434,1
388,652,1
1432,132,1
45,707,1
1067,827,1
868,843,1
1211,868,1
1841,457,1
118,25,1
1580,467,1
44,468,1
26,692,1
1996,135,1
1108,589,1
1304,297,1
1292,484,1
1679,885,1
1805,682,1
1114,649,1
668,760,1
1908,483,1
1638,250,1
979,776,1
1891,768,1
785,818,1
49,814,1
93,359,1
682,281,1
1888,330,1
817,846,1
1105,955,1
787,639,1
1264,644,1
918,205,1
987,754,1
1998,426,1
1936,715,1
692,958,1
957,62,1
1118,994,1
1826,935,1
1207,753,1
1238,713,1
649,216,1
453,351,1
1240,207,1
1724,146,1
1517,172,1
1692,33,1
532,200,1
1263,685,1
270,89,1
150,61,1
29,380,1
816,912,1
871,738,1
189,828,1
1561,480,1
1309,411,1
746,228,1
1677,888,1
393,959,1
466,708,1
300,624,1
1672,312,1
594,129,1
764,584,1
1181,84,1
1147,382,1
772,488,1
556,977,1
968,654,1
1123,850,1
625,294,1
236,913,1
1312,502,1
1754,921,1
491,451,1
251,189,1
1268,676,1
74,678,1
186,643,1
1473,845,1
1836,785,1
284,239,1
406,811,1
1032,13,1
1215,816,1
695,957,1
50,224,1
399,966,1
1795,31,1
197,158,1
1777,667,1
1845,742,1
983,833,1
586,933,1
1843,733,1
542,479,1
1455,328,1
996,787,1
596,971,1
892,594,1
599,287,1
985,311,1
1946,109,1
1168,59,1
847,214,1
1440,890,1
211,21,1
526,980,1
457,149,1
196,729,1
1989,122,1
621,925,1
1925,435,1
104,621,1
921,612,1
1363,253,1
1977,808,1
164,714,1
429,356,1
1604,256,1
1336,97,1
82,414,1
1436,764,1
1132,138,1
776,400,1
428,506,1
1816,300,1
967,606,1
1892,310,1
638,65,1
1547,664,1
1718,961,1
1840,90,1
208,293,1
1270,981,1
1984,931,1
1508,20,1
1020,668,1
1012,597,1
1968,819,1
1883,370,1
447,633,1
1601,273,1
1695,781,1
1957,344,1
1403,553,1
1317,774,1
1431,824,1
110,686,1
441,352,1
898,797,1
1023,476,1
633,409,1
1290,242,1
370,57,1
106,381,1
760,512,1
285,159,1
1072,162,1
100,368,1
616,745,1
420,155,1
493,637,1
1077,985,1
71,665,1
642,477,1
1152,164,1
1609,529,1
1025,417,1
6,103,1
43,339,1
1889,369,1
1485,48,1
459,11,1
302,923,1
965,838,1
924,169,1
1553,702,1
1360,493,1
376,554,1
1922,442,1
1085,349,1
610,854,1
296,458,1
4,85,1
818,619,1
1799,599,1
1865,91,1
1254,523,1
1451,741,1
587,166,1
56,67,1
1991,697,1
1214,171,1
217,184,1
116,938,1
1229,175,1
1919,222,1
103,829,1
928,722,1
364,799,1
1310,571,1
1673,384,1
183,50,1
487,623,1
169,492,1
972,540,1
765,566,1
1797,288,1
134,32,1
1573,116,1
1751,358,1
1063,952,1
1783,34,1
907,547,1
912,779,1
727,465,1
1008,725,1
1963,334,1
176,650,1
1729,211,1
1477,284,1
12,185,1
1606,404,1
223,963,1
68,614,1
591,793,1
1912,648,1
1003,5,1
1747,579,1
662,410,1
1171,870,1
1365,817,1
105,574,1
1367,771,1
1808,926,1
1369,95,1
932,124,1
1691,964,1
1969,999,1
1217,552,1
680,251,1
559,262,1
168,96,1
531,821,1
391,365,1
723,762,1
1839,605,1
458,507,1
1224,372,1
1065,187,1
1490,299,1
492,750,1
87,968,1
1641,934,1
630,157,1
308,976,1
1680,873,1
1316,998,1
1453,812,1
1430,432,1
951,403,1
806,626,1
608,444,1
1569,826,1
1531,306,1
128,10,1
1306,972,1
1821,401,1
320,751,1
561,391,1
805,269,1
425,117,1
708,864,1
342,853,1
1884,944,1
1462,36,1
1159,63,1
1183,195,1
794,190,1
20,801,1
1854,544,1
1784,1000,1
448,535,1
279,525,1
1015,877,1
1069,44,1
1075,42,1
1103,872,1
1528,732,1
1262,443,1
1793,201,1
791,282,1
1557,616,1
824,539,1
1476,688,1
1917,72,1
513,114,1
1624,551,1
507,191,1
1620,378,1
1255,724,1
1260,556,1
1962,7,1
949,520,1
1223,960,1
1035,917,1
141,672,1
911,51,1
1629,278,1
1668,548,1
414,568,1
1966,671,1
1438,929,1
1796,238,1
149,739,1
1188,412,1
1484,906,1
1914,337,1
534,499,1
1539,280,1
1790,879,1
1125,773,1
32,52,1
371,907,1
1702,419,1
763,474,1
241,536,1
1571,87,1
1388,422,1
1285,663,1
18,987,1
1678,163,1
166,515,1
1874,618,1
1929,128,1
863,4,1
179,718,1
742,800,1
1987,342,1
786,267,1
113,150,1
798,105,1
756,144,1
1121,683,1
652,909,1
455,285,1
579,582,1
1525,647,1
282,254,1
1030,151,1
1137,953,1
720,674,1
1039,596,1
252,730,1
782,491,1
1722,355,1
541,565,1
1442,691,1
1397,231,1
1081,295,1
480,324,1
1004,719,1
85,37,1
158,940,1
265,246,1
1756,292,1
288,550,1
1050,904,1
557,340,1
423,148,1
53,64,1
1190,188,1
929,93,1
1174,640,1
670,704,1
489,723,1
1074,783,1
1407,538,1
173,786,1
311,208,1
750,701,1
1766,9,1
647,379,1
1519,439,1
1383,545,1
199,373,1
1191,377,1
167,197,1
1607,494,1
1789,537,1
161,947,1
1361,898,1
869,796,1
1021,168,1
809,209,1
79,511,1
432,563,1
515,503,1
1405,534,1
999,18,1
984,181,1
1385,323,1
1428,346,1
1723,662,1
895,452,1
1603,698,1
1187,127,1
908,519,1
1728,125,1
1986,857,1
1524,182,1
724,875,1
1400,243,1
1712,836,1
201,75,1
894,430,1
1084,986,1
588,203,1
1457,782,1
1753,526,1
865,806,1
334,561,1
1269,460,1
248,590,1
618,316,1
731,268,1
326,134,1
117,446,1
1419,115,1
1394,154,1
565,591,1
1817,559,1
1131,942,1
1555,871,1
2000,46,1
408,73,1
1386,886,1
309,884,1
1873,234,1
1572,110,1
75,856,1
581,878,1
717,320,1
1981,984,1
1100,669,1
529,415,1
893,744,1
1804,937,1
878,983,1
1277,752,1
1639,12,1
1080,160,1
1146,423,1
421,38,1
1016,271,1
725,945,1
571,684,1
1707,436,1
138,767,1
142,29,1
102,974,1
1460,487,1
1590,433,1
1605,696,1
398,567,1
1071,447,1
915,638,1
327,973,1
545,461,1
119,679,1
953,510,1
1421,810,1
155,321,1
8,490,1
931,772,1
546,726,1
1800,453,1
627,549,1
1129,416,1
941,232,1
543,143,1
822,720,1
838,395,1
1771,362,1
1076,322,1
1110,657,1
1833,859,1
397,428,1
737,418,1
1735,361,1
800,387,1
1974,693,1
1078,233,1
1243,882,1
1160,102,1
886,932,1
1886,543,1
1597,863,1
1210,712,1
1928,121,1
1301,259,1
1449,794,1
624,111,1
1699,456,1
1670,576,1
188,308,1
286,988,1
1320,215,1
213,283,1
1581,326,1
1522,60,1
1028,23,1
387,837,1
313,392,1
658,263,1
843,759,1
1395,628,1
1755,795,1
1318,2,1
1133,463,1
1319,133,1
1253,218,1
777,304,1
710,992,1
802,472,1
770,14,1
341,153,1
276,6,1
639,204,1
1585,504,1
1768,120,1
956,689,1
1014,152,1
226,876,1
1623,226,1
222,608,1
1902,500,1
475,136,1
290,661,1
1463,40,1
1362,832,1
1482,496,1
440,383,1
363,892,1
287,910,1
1842,186,1
1767,803,1
844,513,1
900,820,1
1368,641,1
402,240,1
1725,8,1
1379,766,1
563,407,1
349,711,1
339,441,1
1740,740,1
328,593,1
1706,756,1
1589,860,1
1144,374,1
1478,309,1
304,508,1
436,1,1
656,703,1
246,255,1
1975,518,1
1247,71,1
1208,881,1
1299,706,1
1151,252,1
1500,505,1
81,413,1
1650,978,1
518,631,1
850,217,1
400,602,1
1960,78,1
503,24,1
237,478,1
825,213,1
135,367,1
324,298,1
849,541,1
1197,81,1
1537,276,1
1621,338,1
1043,891,1
762,495,1
353,290,1
1779,119,1
27,604,1
76,969,1
1566,721,1
1732,777,1
1452,469,1
61,903,1
612,620,1
882,101,1
1736,542,1
1179,765,1
1166,22,1
490,528,1
906,16,1
257,219,1
1635,743,1
1033,335,1
835,982,1
70,112,1
570,601,1
940,88,1
989,585,1
901,275,1
1396,302,1
153,147,1
1544,199,1
840,737,1
249,583,1
1851,397,1
360,49,1
1662,223,1
1143,681,1
264,264,1
234,248,1
452,831,1
122,710,1
927,398,1
451,47,1
1204,572,1
602,100,1
1337,941,1
823,889,1
1489,140,1
1150,798,1
879,705,1
1261,174,1
667,161,1
683,206,1
876,156,1
401,734,1
101,212,1
1549,118,1
352,918,1
595,915,1
148,634,1
1058,364,1
1592,839,1
1746,939,1
1964,440,1
655,336,1
593,94,1
524,145,1
1588,141,1
631,995,1
23,632,1
1782,823,1
1613,39,1
348,235,1
1870,486,1
540,788,1
734,979,1
1749,405,1
1752,142,1
1373,524,1
919,421,1
671,530,1
13,448,1
268,858,1
267,179,1
1671,76,1
1178,887,1
811,922,1
1139,595,1
1586,113,1
1483,210,1
690,792,1
1009,611,1
607,360,1
1622,825,1
1744,629,1
519,635,1
433,83,1
1377,780,1
319,562,1
937,802,1
1809,104,1
1024,651,1
1932,970,1
1852,28,1
1931,991,1
454,332,1
1505,687,1
641,852,1
1272,353,1
1184,670,1
389,804,1
1727,659,1
973,357,1
245,658,1
1773,866,1
1530,286,1
564,462,1
1540,303,1
474,244,1
486,936,1
151,675,1
430,70,1
144,855,1
418,274,1
827,449,1
1163,728,1
1086,600,1
67,899,1
845,396,1
767,653,1
729,92,1
1578,717,1
344,301,1
1823,17,1
377,699,1
1494,948,1
1726,260,1
1649,193,1
1660,317,1
115,27,1
1910,471,1
676,919,1
1674,841,1
1551,466,1
1742,916,1
21,376,1
1924,622,1
759,865,1
1857,531,1
274,58,1
935,277,1
215,68,1
146,990,1
1806,279,1
1364,700,1
1907,350,1
1893,842,1
98,406,1
303,107,1
1763,393,1
468,950,1
971,826,2
690,862,2
100,598,2
1713,616,2
234,67,2
378,279,2
585,594,2
1861,617,2
68,441,2
1103,651,2
1856,2,2
274,694,2
711,93,2
777,552,2
685,292,2
640,130,2
1645,456,2
1460,740,2
836,756,2
141,768,2
1860,991,2
347,697,2
1142,114,2
1730,36,2
1268,167,2
1191,940,2
1976,601,2
1898,932,2
1502,531,2
1598,916,2
392,117,2
1671,518,2
1929,883,2
1511,727,2
735,990,2
508,461,2
1840,457,2
316,912,2
1825,613,2
1548,513,2
536,565,2
124,389,2
889,752,2
908,731,2
479,802,2
811,901,2
1848,933,2
663,736,2
233,123,2
819,962,2
1872,355,2
1537,803,2
638,406,2
1092,76,2
207,755,2
1342,337,2
1465,634,2
507,156,2
133,454,2
1156,668,2
153,688,2
615,295,2
1717,392,2
987,205,2
802,837,2
1020,229,2
677,993,2
1489,714,2
706,578,2
1960,5,2
299,880,2
398,833,2
179,570,2
1776,980,2
602,504,2
1319,482,2
1320,359,2
1692,835,2
452,812,2
1217,544,2
1994,871,2
923,40,2
208,28,2
707,533,2
846,182,2
1761,539,2
658,987,2
86,287,2
83,842,2
222,985,2
1305,959,2
862,278,2
1337,312,2
673,884,2
910,342,2
1375,398,2
248,926,2
1180,680,2
1262,908,2
1561,140,2
1518,163,2
647,155,2
613,646,2
660,488,2
631,4,2
1907,754,2
61,78,2
1118,505,2
785,143,2
674,494,2
1086,944,2
1816,992,2
99,180,2
1653,968,2
306,757,2
1248,212,2
165,963,2
67,645,2
1571,899,2
201,171,2
555,20,2
1070,248,2
732,97,2
1094,352,2
1178,972,2
1675,273,2
377,119,2
1203,841,2
801,845,2
73,955,2
584,269,2
876,622,2
23,807,2
135,725,2
217,8,2
275,9,2
394,75,2
1814,564,2
530,444,2
898,958,2
1847,475,2
428,663,2
1962,960,2
59,742,2
1185,175,2
303,159,2
1644,120,2
601,201,2
1981,627,2
148,516,2
1576,250,2
1570,418,2
1165,704,2
1221,463,2
984,685,2
1640,476,2
279,192,2
1804,277,2
409,502,2
1231,322,2
1083,308,2
288,982,2
1503,213,2
1770,48,2
1381,301,2
610,103,2
791,364,2
746,432,2
1470,121,2
1539,57,2
33,30,2
1882,681,2
122,766,2
345,471,2
315,60,2
1492,853,2
796,407,2
1528,136,2
400,153,2
160,487,2
227,896,2
906,847,2
1773,208,2
521,80,2
1117,619,2
1321,771,2
309,158,2
372,347,2
1903,462,2
664,675,2
1225,671,2
986,576,2
1099,85,2
939,984,2
463,657,2
1170,529,2
149,41,2
1620,218,2
1074,650,2
302,411,2
920,170,2
692,479,2
1710,420,2
1922,339,2
77,575,2
1093,809,2
1449,219,2
1017,458,2
182,139,2
990,215,2
1568,459,2
1858,383,2
1734,172,2
1415,540,2
1120,39,2
300,217,2
1249,660,2
1498,719,2
611,561,2
838,909,2
643,924,2
679,239,2
854,587,2
1853,686,2
1251,566,2
871,939,2
47,672,2
1524,33,2
531,989,2
1758,294,2
829,161,2
1041,336,2
1720,591,2
220,87,2
938,827,2
776,321,2
1995,358,2
1876,715,2
183,104,2
1494,857,2
190,62,2
43,157,2
173,346,2
936,512,2
537,427,2
341,51,2
1446,133,2
1813,81,2
924,574,2
71,13,2
942,503,2
473,177,2
1379,204,2
798,86,2
1050,881,2
486,353,2
1951,641,2
1714,548,2
119,609,2
665,100,2
1749,957,2
581,315,2
1775,338,2
569,323,2
597,162,2
1284,125,2
1077,274,2
1792,24,2
1475,198,2
804,712,2
1708,953,2
150,687,2
586,550,2
386,11,2
251,134,2
1864,70,2
967,252,2
1516,55,2
1483,510,2
45,851,2
589,362,2
337,375,2
823,789,2
725,211,2
1900,394,2
163,956,2
904,452,2
1291,421,2
442,572,2
1361,451,2
1068,858,2
1807,376,2
1595,973,2
661,818,2
1040,17,2
1826,149,2
1167,253,2
1556,399,2
1558,945,2
1843,186,2
197,196,2
1472,16,2
27,975,2
1602,335,2
1049,293,2
1246,749,2
250,1000,2
865,861,2
1641,79,2
1013,431,2
787,611,2
1585,276,2
835,635,2
1269,302,2
968,14,2
1046,730,2
561,470,2
1875,859,2
795,304,2
940,435,2
212,711,2
989,655,2
1089,854,2
1557,517,2
53,848,2
12,214,2
525,271,2
965,573,2
845,890,2
538,379,2
996,422,2
512,414,2
1161,15,2
474,265,2
28,816,2
431,257,2
1149,310,2
683,58,2
564,795,2
236,873,2
1885,626,2
64,543,2
583,777,2
1613,582,2
224,45,2
1850,282,2
579,840,2
91,18,2
1658,21,2
1425,917,2
1910,365,2
514,129,2
621,318,2
634,168,2
697,501,2
304,102,2
1004,760,2
1347,798,2
1274,925,2
670,692,2
1968,838,2
857,474,2
157,732,2
1936,537,2
1296,703,2
1413,232,2
162,344,2
676,298,2
332,865,2
1224,936,2
970,450,2
1695,585,2
1493,299,2
1462,89,2
1287,209,2
277,200,2
44,25,2
727,437,2
1024,92,2
1740,27,2
456,413,2
973,396,2
361,664,2
1769,296,2
1495,661,2
425,460,2
937,527,2
1984,466,2
369,667,2
1396,272,2
397,489,2
1897,357,2
367,320,2
729,430,2
128,485,2
1870,638,2
111,758,2
1957,141,2
1820,179,2
459,288,2
96,435,1
4,180,1
1628,902,1
45,51,1
1803,110,1
1887,644,1
1674,687,1
245,212,1
1980,29,1
1633,775,1
928,704,1
947,328,1
1019,184,1
1123,68,1
1739,389,1
1808,77,1
1661,21,1
1536,415,1
507,754,1
1319,881,1
274,139,1
78,764,1
1413,569,1
981,749,1
1840,282,1
378,955,1
619,886,1
519,817,1
1294,607,1
888,613,1
621,73,1
27,486,1
728,217,1
782,865,1
1736,108,1
1104,753,1
910,592,1
1220,999,1
610,905,1
655,469,1
1504,926,1
1329,963,1
1559,117,1
643,67,1
368,214,1
1365,102,1
814,986,1
1164,290,1
1067,52,1
51,601,1
1631,195,1
1108,303,1
1615,572,1
576,36,1
1782,430,1
1224,324,1
840,24,1
1081,321,1
111,269,1
1880,141,1
1167,756,1
1942,674,1
1895,894,1
411,357,1
400,424,1
1987,911,1
1241,534,1
428,331,1
1875,466,1
703,480,1
658,669,1
1212,503,1
738,209,1
1397,656,1
1133,467,1
179,526,1
1784,562,1
1704,530,1
1769,691,1
196,172,1
277,310,1
1285,906,1
1135,936,1
107,452,1
644,385,1
1543,216,1
1867,259,1
1450,689,1
932,891,1
172,304,1
100,711,1
64,841,1
808,849,1
679,312,1
431,703,1
938,939,1
972,596,1
1083,832,1
1865,150,1
1771,194,1
1306,236,1
1906,178,1
1151,875,1
459,887,1
247,824,1
1513,539,1
1630,148,1
359,654,1
1578,603,1
1431,581,1
1505,417,1
1068,800,1
1345,163,1
1988,100,1
636,219,1
527,428,1
1087,65,1
1256,72,1
1113,320,1
7,250,1
974,685,1
1518,833,1
1190,305,1
1058,28,1
665,412,1
1075,380,1
189,561,1
436,741,1
1034,38,1
813,766,1
1417,803,1
1318,609,1
467,933,1
642,233,1
301,779,1
237,524,1
1122,173,1
1118,543,1
1376,496,1
88,436,1
898,966,1
367,943,1
1773,560,1
1549,456,1
774,618,1
57,616,1
795,12,1
94,421,1
856,504,1
397,726,1
1591,716,1
1071,105,1
973,227,1
779,366,1
1405,253,1
1748,997,1
1391,957,1
1673,637,1
1139,221,1
766,48,1
290,127,1
513,647,1
365,913,1
451,267,1
1879,273,1
305,125,1
347,151,1
758,252,1
104,641,1
120,580,1
725,87,1
1643,183,1
385,715,1
924,825,1
777,391,1
1358,268,1
568,514,1
661,166,1
85,861,1
59,945,1
327,126,1
570,628,1
912,238,1
146,846,1
40,461,1
131,123,1
420,215,1
800,651,1
1338,418,1
1298,434,1
1608,795,1
1393,665,1
1171,594,1
1177,912,1
306,984,1
1594,862,1
1756,79,1
1109,578,1
412,446,1
1712,175,1
