CREATE TABLE Runners (
    runner_id INTEGER PRIMARY KEY,
    first_name TEXT NOT NULL,
    last_name TEXT NOT NULL,
    date_of_birth DATE,
    sex TEXT NOT NULL,
    country TEXT NOT NULL
);

CREATE TABLE Events (
    event_id INTEGER PRIMARY KEY,
    event TEXT NOT NULL,
    event_date DATE NOT NULL
);

CREATE TABLE Results (
    result_id INTEGER PRIMARY KEY,
    event_id INTEGER NOT NULL,
    runner_id INTEGER NOT NULL,
    finish_time TEXT NOT NULL,
    position INTEGER NOT NULL,
    sex TEXT NOT NULL, 
    is_elite TEXT NOT NULL,
    FOREIGN KEY(event_id) REFERENCES Events(event_id),
    FOREIGN KEY(runner_id) REFERENCES Runners(runner_id)
);

CREATE TABLE Sponsors (
    sponsor_id INTEGER PRIMARY KEY,
    sponsor_name TEXT NOT NULL
);

CREATE TABLE Sponsored_Athletes (
    sponsor_id INTEGER NOT NULL,
    sponsor_name TEXT NOT NULL,
    runner_id INTEGER NOT NULL,
    FOREIGN KEY(sponsor_id) REFERENCES Sponsors(sponsor_id),
    FOREIGN KEY(runner_id) REFERENCES Runners(runner_id),
    PRIMARY KEY (sponsor_id, runner_id)
);

CREATE TABLE Training_Plans (
    id INTEGER PRIMARY KEY,
    runner_id INTEGER NOT NULL,
    start_date DATE NOT NULL,
    end_date DATE NOT NULL,
    plan_id INTEGER NOT NULL,
    FOREIGN KEY(runner_id) REFERENCES Runners(runner_id),
    FOREIGN KEY(plan_id) REFERENCES Training_Plans_Descriptions(plan_id)
);

CREATE TABLE Training_Plans_Descriptions (
    plan_id INTEGER PRIMARY KEY,
    plan_description TEXT NOT NULL,
    plan_length_weeks INTEGER NOT NULL
);



INSERT INTO Runners (runner_id, first_name, last_name, date_of_birth, sex, country) VALUES
(1, 'Sarah', 'Sandoval', '1973-03-20', 'Female', 'Egypt'),
(2, 'Kevin', 'Yang', '1971-09-30', 'Male', 'Vietnam'),
(3, 'ephthaay', 'cchanthaa', '1970-07-01', 'Male', 'Thailand'),
(4, 'rytl', 'lSlHy', '1957-01-19', 'Female', 'Palestine'),
(5, 'Maria', 'Mays', '1942-02-28', 'Female', 'United States'),
(6, 'Tamara', 'Engelen', '1988-06-04', 'Female', 'Belgium'),
(7, 'Isaiah', 'Schmidt', '1945-02-07', 'Male', 'Philippines'),
(8, 'Ionela', 'Ardelean', '1941-10-27', 'Female', 'Romania'),
(9, 'John', 'Hall', '1962-01-18', 'Male', 'Luxembourg'),
(10, 'Marika', 'Tuisk', '2002-12-01', 'Female', 'Estonia'),
(11, 'Valeri', 'Nommik', '2005-10-22', 'Male', 'Estonia'),
(12, 'Mixeil', 'Karcivaze', '1975-04-12', 'Male', 'Georgia'),
(13, 'Otilija', 'Perkona', '1968-07-24', 'Female', 'Latvia'),
(14, 'Ismet', 'Aksu', '1984-06-29', 'Male', 'Turkey'),
(15, 'Tudor', 'Ababei', '1962-04-10', 'Male', 'Romania'),
(16, 'John', 'Jackson', '1976-11-24', 'Male', 'United Arab Emirates'),
(17, 'myr', 'lnmr', '2002-03-24', 'Female', 'Arabic'),
(18, 'Zachary', 'Richardson', '1937-08-02', 'Male', 'Australia'),
(19, 'Dina', 'Dima', '1978-07-06', 'Female', 'Romania'),
(20, 'Rebecca', 'Henderson', '1938-05-28', 'Female', 'United States'),
(21, 'David', 'Portmann', '1963-10-31', 'Male', 'Switzerland'),
(22, 'ussaa', 'joshii', '1972-03-15', 'Female', 'Nepal'),
(23, 'Gyorgy', 'Varga', '1959-05-24', 'Male', 'Hungary'),
(24, 'Olga', 'Sild', '1991-12-24', 'Female', 'Estonia'),
(25, 'Melanie', 'Mac Eachain', '1946-04-10', 'Female', 'Ireland'),
(26, 'Zuzana', 'Halak', '1990-04-18', 'Female', 'Slovakia'),
(27, 'Logan', 'Valdez', '1954-11-22', 'Male', 'Australia'),
(28, 'Michael', 'Mckinney', '1964-06-15', 'Male', 'United States'),
(29, 'Nathalie', 'Mahieu', '1958-09-29', 'Female', 'Belgium'),
(30, 'areum', 'hong', '1938-04-29', 'Female', 'South Korea'),
(31, 'Isabelle', 'Masse', '1942-10-28', 'Female', 'France'),
(32, 'Jian Ping ', 'Tang ', '2006-06-14', 'Male', 'China'),
(33, 'Xiao Han ', 'Zheng ', '1946-03-20', 'Female', 'Taiwan'),
(34, 'Violeta', 'Marin', '1976-12-18', 'Female', 'Romania'),
(35, 'aabir', 'uddin', '1977-09-28', 'Male', 'Bangladesh'),
(36, 'Erica', 'Capua', '1948-09-12', 'Female', 'Ireland'),
(37, 'Lyn', 'Bnw hll', '1998-03-04', 'Female', 'Arabic'),
(38, 'Divyansh', 'Vasa', '1969-10-09', 'Male', 'India'),
(39, 'Tobias', 'Svendsen', '1957-12-29', 'Male', 'Norway'),
(40, 'Karcan', 'Yorulmaz', '1989-01-29', 'Male', 'Turkey'),
(41, 'Mihels', 'Caune', '1972-05-26', 'Male', 'Latvia'),
(42, 'mjd', 'lkhmsh', '1973-01-30', 'Male', 'Palestine'),
(43, 'Galenos', 'Stamoules', '1945-11-06', 'Male', 'Greece'),
(44, 'Rozalija', 'Zeba', '2000-06-15', 'Female', 'Croatia'),
(45, '`rrcchn', 'thirswasdi', '1945-11-11', 'Male', 'Thailand'),
(46, 'Billy', 'Edwards', '1992-06-02', 'Male', 'United Kingdom'),
(47, 'George', 'Bevan', '1988-01-19', 'Male', 'United Kingdom'),
(48, 'Alex', 'Gutierrez', '1979-02-04', 'Male', 'Switzerland'),
(49, 'Rosa', 'Bohorquez', '1988-12-07', 'Female', 'Colombia'),
(50, 'Noora', 'Hyvonen', '2004-12-12', 'Female', 'Finland'),
(51, 'Louis', 'Thibault', '1975-02-09', 'Male', 'France'),
(52, 'Randall', 'Doyle', '1941-12-21', 'Male', 'Cyprus'),
(53, 'Anna', 'Bragina', '1984-03-02', 'Female', 'Russia'),
(54, 'Kleopas', 'Radiopoulou', '1948-05-23', 'Male', 'Greece'),
(55, 'Ieva', 'Caune', '1944-09-30', 'Female', 'Latvia'),
(56, 'ly SGr', 'Zfry', '1973-08-11', 'Male', 'Iran'),
(57, 'nngkai', 'unnmaiyeaalli', '2001-02-27', 'Female', 'India'),
(58, 'Bryan', 'Carpenter', '1982-09-01', 'Male', 'Australia'),
(59, 'Bortecin', 'Arsoy', '1953-03-20', 'Male', 'Turkey'),
(60, 'Davi Luiz', 'Pastor', '1985-11-09', 'Male', 'Brazil'),
(61, 'Hiltraud', 'Kraus', '1956-01-18', 'Female', 'Germany'),
(62, 'bnymyn', 'KHn', '1968-04-27', 'Male', 'Israel'),
(63, 'aaraadhyaa', 'shriiviml', '1937-01-29', 'Male', 'India'),
(64, 'Renee', 'Cannon', '1953-01-26', 'Female', 'United States'),
(65, 'Thea', 'Lassen', '1954-02-28', 'Female', 'Denmark'),
(66, 'Ricardo', 'Rincon', '2000-08-11', 'Male', 'Colombia'),
(67, 'Lev', 'Krylov', '1953-02-14', 'Male', 'Russia'),
(68, 'aataahaar', 'ghoss', '1976-02-08', 'Male', 'Bangladesh'),
(69, 'Erica', 'Lane', '1951-09-21', 'Female', 'Albania'),
(70, 'Janis', 'Zeltins', '1946-06-11', 'Male', 'Latvia'),
(71, 'ritaa', 'krmaacaary', '2004-07-19', 'Female', 'Nepal'),
(72, 'Lisa', 'Norris', '1950-01-21', 'Female', 'Philippines'),
(73, 'Povilas', 'Kalvenas', '1967-04-01', 'Female', 'Lithuania'),
(74, 'Olimpian', 'Nita', '1977-03-18', 'Male', 'Romania'),
(75, 'Elise', 'Dupont', '1957-04-05', 'Female', 'Belgium'),
(76, 'guram', 'metreveli', '1956-12-08', 'Male', 'Georgia'),
(77, 'Andreas', 'Odegard', '1984-03-23', 'Male', 'Norway'),
(78, 'Lope', 'Verdejo', '1969-12-13', 'Male', 'Spain'),
(79, 'Alfredo', 'Cicala', '1982-03-07', 'Male', 'Italy'),
(80, 'Tamara', 'Williams', '1962-06-18', 'Female', 'Switzerland'),
(81, 'naaraaynn', 'tthkurii', '1973-04-03', 'Male', 'Nepal'),
(82, 'Sonata', 'Kavaliauskas', '1961-09-30', 'Female', 'Lithuania'),
(83, 'Nika', 'Cerar', '1935-09-09', 'Female', 'Slovenia'),
(84, 'Florence', 'Lepage', '1963-03-29', 'Female', 'Canada'),
(85, 'Elisabeth', 'Andersson', '1969-11-09', 'Female', 'Sweden'),
(86, 'Trdat', 'Jangiryan', '1941-10-31', 'Male', 'Armenia'),
(87, 'Kelly', 'Ramsey', '1999-08-21', 'Female', 'Philippines'),
(88, 'Khristina', 'Nazarenko', '1943-11-26', 'Female', 'Ukraine'),
(89, 'Davi Lucas', 'Moraes', '1984-10-18', 'Male', 'Brazil'),
(90, 'Aedona', 'Skordakes', '1955-07-01', 'Female', 'Greece'),
(91, 'Jason', 'Lawson', '1961-06-12', 'Male', 'Vietnam'),
(92, 'Diah', 'Gunawan', '1964-04-28', 'Female', 'Indonesia'),
(93, 'hylh', 'yph', '1945-01-12', 'Female', 'Israel'),
(94, 'Ploutarkhos', 'Kuritse', '1968-01-07', 'Male', 'Greece'),
(95, 'Flor', 'Aguirre', '1964-04-26', 'Female', 'Colombia'),
(96, 'Tlb', 'klb', '1982-09-07', 'Male', 'Arabic'),
(97, 'Alexandre', 'Lefevre', '1993-06-04', 'Male', 'Belgium'),
(98, 'ln', 'yrwny', '1978-09-10', 'Female', 'Iran'),
(99, 'Arnold', 'Stefanovicova', '1983-07-16', 'Male', 'Slovakia'),
(100, 'Nobantu', 'Dlamlenze', '2001-10-13', 'Female', 'South Africa');
INSERT INTO Events (event_id, event, event_date) VALUES
(1, 'Boston Marathon', '2012-04-16'),
(2, 'Boston Marathon', '2013-04-15'),
(3, 'Boston Marathon', '2014-04-21'),
(4, 'Boston Marathon', '2015-04-20'),
(5, 'Boston Marathon', '2016-04-18'),
(6, 'Boston Marathon', '2017-04-17'),
(7, 'Boston Marathon', '2018-04-16'),
(8, 'Boston Marathon', '2019-04-15'),
(9, 'Boston Marathon', '2020-10-11'),
(10, 'Boston Marathon', '2021-10-11'),
(11, 'Boston Marathon', '2022-04-18'),
(12, 'Boston Marathon', '2023-04-17'),
(13, 'London Marathon', '2012-04-22'),
(14, 'London Marathon', '2013-04-21'),
(15, 'London Marathon', '2014-04-21'),
(16, 'London Marathon', '2015-04-26'),
(17, 'London Marathon', '2016-04-24'),
(18, 'London Marathon', '2017-04-23'),
(19, 'London Marathon', '2018-04-22'),
(20, 'London Marathon', '2019-04-28'),
(21, 'London Marathon', '2020-10-04'),
(22, 'London Marathon', '2021-10-03'),
(23, 'London Marathon', '2022-10-02'),
(24, 'London Marathon', '2023-04-23'),
(25, 'New York City Marathon', '2012-11-04'),
(26, 'New York City Marathon', '2013-11-03'),
(27, 'New York City Marathon', '2014-11-02'),
(28, 'New York City Marathon', '2015-11-01'),
(29, 'New York City Marathon', '2016-11-06'),
(30, 'New York City Marathon', '2017-11-05'),
(31, 'New York City Marathon', '2018-11-04'),
(32, 'New York City Marathon', '2019-11-03'),
(33, 'New York City Marathon', '2020-12-13'),
(34, 'New York City Marathon', '2021-11-07'),
(35, 'New York City Marathon', '2022-11-06'),
(36, 'New York City Marathon', '2023-11-05'),
(37, 'Berlin Marathon', '2012-09-30'),
(38, 'Berlin Marathon', '2013-09-29'),
(39, 'Berlin Marathon', '2014-09-28'),
(40, 'Berlin Marathon', '2015-09-27'),
(41, 'Berlin Marathon', '2016-09-25'),
(42, 'Berlin Marathon', '2017-09-24'),
(43, 'Berlin Marathon', '2018-09-16'),
(44, 'Berlin Marathon', '2019-09-29'),
(45, 'Berlin Marathon', '2020-09-27'),
(46, 'Berlin Marathon', '2021-09-26'),
(47, 'Berlin Marathon', '2022-09-25'),
(48, 'Berlin Marathon', '2023-09-24'),
(49, 'Chicago Marathon', '2012-10-07'),
(50, 'Chicago Marathon', '2013-10-13'),
(51, 'Chicago Marathon', '2014-10-12'),
(52, 'Chicago Marathon', '2015-10-11'),
(53, 'Chicago Marathon', '2016-10-09'),
(54, 'Chicago Marathon', '2017-10-08'),
(55, 'Chicago Marathon', '2018-10-07'),
(56, 'Chicago Marathon', '2019-10-13'),
(57, 'Chicago Marathon', '2020-10-11'),
(58, 'Chicago Marathon', '2021-10-10'),
(59, 'Chicago Marathon', '2022-10-09'),
(60, 'Chicago Marathon', '2023-10-08'),
(61, 'Tokyo Marathon', '2012-02-26'),
(62, 'Tokyo Marathon', '2013-02-24'),
(63, 'Tokyo Marathon', '2014-02-23'),
(64, 'Tokyo Marathon', '2015-02-22'),
(65, 'Tokyo Marathon', '2016-02-28'),
(66, 'Tokyo Marathon', '2017-02-26'),
(67, 'Tokyo Marathon', '2018-02-25'),
(68, 'Tokyo Marathon', '2019-03-03'),
(69, 'Tokyo Marathon', '2020-03-01'),
(70, 'Tokyo Marathon', '2021-03-07'),
(71, 'Tokyo Marathon', '2022-03-06'),
(72, 'Tokyo Marathon', '2023-03-05');
INSERT INTO Results (result_id, event_id, runner_id, finish_time, position, sex, is_elite) VALUES
(1, 1, 62, '03:23:25', 2034, 'Male', 'False'),
(2, 2, 58, '03:30:00', 4201, 'Male', 'False'),
(3, 3, 81, '02:39:31', 2495, 'Male', 'False'),
(4, 4, 27, '02:34:37', 319, 'Male', 'False'),
(5, 5, 86, '02:39:21', 208, 'Male', 'False'),
(6, 6, 37, '02:44:16', 3251, 'Female', 'False'),
(7, 7, 17, '04:48:02', 1503, 'Female', 'False'),
(8, 8, 44, '03:24:25', 2770, 'Female', 'False'),
(9, 9, 40, '03:47:02', 1956, 'Male', 'False'),
(10, 10, 11, '04:02:37', 3061, 'Male', 'False'),
(11, 11, 79, '03:02:53', 183, 'Male', 'False'),
(12, 12, 84, '03:15:07', 4684, 'Female', 'False'),
(13, 1, 16, '03:43:36', 3302, 'Male', 'False'),
(14, 2, 17, '03:52:58', 4103, 'Female', 'False'),
(15, 3, 60, '04:19:19', 2382, 'Male', 'False'),
(16, 4, 57, '02:31:00', 1281, 'Female', 'False'),
(17, 5, 38, '04:48:11', 297, 'Male', 'False'),
(18, 6, 33, '03:26:47', 1876, 'Female', 'False'),
(19, 7, 73, '04:56:57', 4719, 'Female', 'False'),
(20, 8, 16, '02:49:20', 1529, 'Male', 'False'),
(21, 9, 46, '04:08:43', 514, 'Male', 'False'),
(22, 10, 46, '02:42:24', 1198, 'Male', 'False'),
(23, 11, 46, '05:09:44', 4388, 'Male', 'False'),
(24, 12, 24, '04:19:46', 2713, 'Female', 'False'),
(25, 1, 85, '03:15:20', 4928, 'Female', 'False'),
(26, 2, 40, '05:03:57', 535, 'Male', 'False'),
(27, 3, 91, '05:33:00', 4161, 'Male', 'False'),
(28, 4, 81, '02:38:59', 192, 'Male', 'False'),
(29, 5, 48, '04:06:28', 1374, 'Male', 'False'),
(30, 6, 63, '02:20:08', 3428, 'Male', 'False'),
(31, 7, 41, '03:39:31', 4564, 'Male', 'False'),
(32, 8, 17, '04:43:03', 2522, 'Female', 'False'),
(33, 9, 78, '05:04:08', 1305, 'Male', 'False'),
(34, 10, 31, '02:56:41', 3772, 'Female', 'False'),
(35, 11, 18, '03:54:59', 2576, 'Male', 'False'),
(36, 12, 83, '02:11:54', 4887, 'Female', 'True'),
(37, 1, 14, '05:49:49', 3208, 'Male', 'False'),
(38, 2, 85, '04:49:28', 2339, 'Female', 'False'),
(39, 3, 67, '03:07:34', 833, 'Male', 'False'),
(40, 4, 69, '05:22:40', 3551, 'Female', 'False'),
(41, 5, 92, '05:50:03', 1170, 'Female', 'False'),
(42, 6, 4, '02:55:45', 12, 'Female', 'False'),
(43, 7, 90, '05:16:10', 382, 'Female', 'False'),
(44, 8, 79, '04:42:02', 3734, 'Male', 'False'),
(45, 9, 25, '03:05:08', 4027, 'Female', 'False'),
(46, 10, 50, '05:14:33', 3801, 'Female', 'False'),
(47, 11, 88, '02:37:28', 4344, 'Female', 'False'),
(48, 12, 80, '02:46:16', 4897, 'Female', 'False'),
(49, 1, 77, '02:47:47', 4031, 'Male', 'False'),
(50, 2, 61, '04:24:15', 571, 'Female', 'False'),
(51, 3, 90, '05:34:40', 779, 'Female', 'False'),
(52, 4, 86, '04:14:44', 1289, 'Male', 'False'),
(53, 5, 2, '04:16:32', 373, 'Male', 'False'),
(54, 6, 45, '04:10:44', 2770, 'Male', 'False'),
(55, 7, 82, '05:17:47', 1677, 'Female', 'False'),
(56, 8, 91, '04:10:55', 2959, 'Male', 'False'),
(57, 9, 70, '05:23:11', 1822, 'Male', 'False'),
(58, 10, 92, '02:11:54', 1330, 'Female', 'True'),
(59, 11, 19, '03:37:45', 1211, 'Female', 'False'),
(60, 12, 91, '04:08:34', 1248, 'Male', 'False'),
(61, 1, 2, '05:46:29', 2070, 'Male', 'False'),
(62, 2, 83, '05:21:56', 1837, 'Female', 'False'),
(63, 3, 46, '05:02:14', 4912, 'Male', 'False'),
(64, 4, 36, '02:15:35', 2300, 'Female', 'True'),
(65, 5, 44, '05:11:10', 1782, 'Female', 'False'),
(66, 6, 14, '02:48:42', 2335, 'Male', 'False'),
(67, 7, 28, '05:06:01', 2755, 'Male', 'False'),
(68, 8, 89, '05:14:04', 4249, 'Male', 'False'),
(69, 9, 62, '05:50:03', 3070, 'Male', 'False'),
(70, 10, 60, '03:02:20', 1552, 'Male', 'False'),
(71, 11, 74, '04:04:39', 3349, 'Male', 'False'),
(72, 12, 51, '05:05:54', 338, 'Male', 'False'),
(73, 1, 51, '03:54:52', 599, 'Male', 'False'),
(74, 2, 94, '04:53:40', 1805, 'Male', 'False'),
(75, 3, 89, '03:06:05', 4153, 'Male', 'False'),
(76, 4, 9, '03:40:02', 1254, 'Male', 'False'),
(77, 5, 74, '04:49:06', 2451, 'Male', 'False'),
(78, 6, 59, '03:09:25', 3582, 'Male', 'False'),
(79, 7, 3, '03:06:02', 3766, 'Male', 'False'),
(80, 8, 27, '02:59:34', 2755, 'Male', 'False'),
(81, 9, 59, '04:59:04', 3487, 'Male', 'False'),
(82, 10, 64, '03:15:39', 4030, 'Female', 'False'),
(83, 11, 40, '05:01:08', 686, 'Male', 'False'),
(84, 12, 19, '04:00:57', 4700, 'Female', 'False'),
(85, 1, 19, '05:34:35', 4527, 'Female', 'False'),
(86, 2, 12, '03:04:08', 3939, 'Male', 'False'),
(87, 3, 58, '02:31:58', 4031, 'Male', 'False'),
(88, 4, 84, '04:59:41', 277, 'Female', 'False'),
(89, 5, 94, '02:49:10', 2640, 'Male', 'False'),
(90, 6, 75, '03:34:14', 3, 'Female', 'False'),
(91, 7, 80, '03:49:12', 1706, 'Female', 'False'),
(92, 8, 50, '05:12:35', 2627, 'Female', 'False'),
(93, 9, 42, '04:13:09', 1522, 'Male', 'False'),
(94, 10, 62, '04:39:46', 3948, 'Male', 'False'),
(95, 11, 78, '04:35:37', 3442, 'Male', 'False'),
(96, 12, 27, '03:36:33', 2686, 'Male', 'False'),
(97, 1, 78, '05:46:27', 4481, 'Male', 'False'),
(98, 2, 21, '04:23:12', 3394, 'Male', 'False'),
(99, 3, 20, '03:22:16', 2807, 'Female', 'False'),
(100, 4, 24, '03:31:49', 2222, 'Female', 'False'),
(101, 5, 58, '05:30:57', 3025, 'Male', 'False'),
(102, 6, 13, '05:21:00', 3336, 'Female', 'False'),
(103, 7, 61, '04:43:19', 4859, 'Female', 'False'),
(104, 8, 21, '04:59:37', 503, 'Male', 'False'),
(105, 9, 37, '05:13:51', 2532, 'Female', 'False'),
(106, 10, 5, '03:35:28', 4325, 'Female', 'False'),
(107, 11, 54, '02:52:45', 3963, 'Male', 'False'),
(108, 12, 32, '03:02:55', 3454, 'Male', 'False'),
(109, 1, 4, '02:39:16', 4887, 'Female', 'False'),
(110, 2, 32, '04:52:41', 1324, 'Male', 'False'),
(111, 3, 62, '03:32:57', 2332, 'Male', 'False'),
(112, 4, 47, '02:57:59', 3731, 'Male', 'False'),
(113, 5, 54, '05:21:54', 1186, 'Male', 'False'),
(114, 6, 52, '02:04:34', 4984, 'Male', 'True'),
(115, 7, 51, '03:23:55', 356, 'Male', 'False'),
(116, 8, 41, '04:30:15', 4554, 'Male', 'False'),
(117, 9, 51, '04:48:35', 1931, 'Male', 'False'),
(118, 10, 58, '02:15:09', 1378, 'Male', 'False'),
(119, 11, 73, '02:18:27', 3689, 'Female', 'False'),
(120, 12, 89, '02:39:24', 1405, 'Male', 'False'),
(121, 1, 79, '05:32:23', 800, 'Male', 'False'),
(122, 2, 7, '03:25:32', 3997, 'Male', 'False'),
(123, 3, 29, '04:06:23', 4130, 'Female', 'False'),
(124, 4, 16, '03:38:50', 3523, 'Male', 'False'),
(125, 5, 18, '02:37:02', 1586, 'Male', 'False'),
(126, 6, 43, '02:36:23', 4294, 'Male', 'False'),
(127, 7, 98, '04:59:33', 979, 'Female', 'False'),
(128, 8, 24, '04:14:09', 4203, 'Female', 'False'),
(129, 9, 1, '03:14:06', 4175, 'Female', 'False'),
(130, 10, 95, '02:49:27', 3767, 'Female', 'False'),
(131, 11, 39, '05:16:48', 2606, 'Male', 'False'),
(132, 12, 69, '03:46:05', 1623, 'Female', 'False'),
(133, 1, 3, '03:44:00', 3666, 'Male', 'False'),
(134, 2, 26, '02:45:19', 1778, 'Female', 'False'),
(135, 3, 72, '03:48:10', 1844, 'Female', 'False'),
(136, 4, 48, '03:54:51', 689, 'Male', 'False'),
(137, 5, 71, '03:03:01', 775, 'Female', 'False'),
(138, 6, 5, '04:18:30', 4248, 'Female', 'False'),
(139, 7, 85, '02:30:17', 2283, 'Female', 'False'),
(140, 8, 99, '04:10:53', 2376, 'Male', 'False'),
(141, 9, 65, '05:01:30', 3098, 'Female', 'False'),
(142, 10, 61, '02:22:52', 829, 'Female', 'False'),
(143, 11, 71, '03:28:16', 3878, 'Female', 'False'),
(144, 12, 49, '02:13:39', 4265, 'Female', 'True'),
(145, 1, 53, '03:18:03', 4962, 'Female', 'False'),
(146, 2, 45, '03:39:09', 4584, 'Male', 'False'),
(147, 3, 51, '02:06:15', 2566, 'Male', 'True'),
(148, 4, 37, '05:18:07', 4052, 'Female', 'False'),
(149, 5, 93, '02:11:54', 3222, 'Female', 'True'),
(150, 6, 70, '03:34:58', 4001, 'Male', 'False'),
(151, 7, 47, '05:39:49', 1242, 'Male', 'False'),
(152, 8, 100, '03:37:39', 2058, 'Female', 'False'),
(153, 9, 75, '04:02:18', 1664, 'Female', 'False'),
(154, 10, 36, '04:47:43', 2246, 'Female', 'False'),
(155, 11, 16, '05:52:28', 4566, 'Male', 'False'),
(156, 12, 97, '03:56:17', 272, 'Male', 'False'),
(157, 1, 84, '03:48:53', 3651, 'Female', 'False'),
(158, 2, 62, '02:43:06', 415, 'Male', 'False'),
(159, 3, 13, '04:54:21', 82, 'Female', 'False'),
(160, 4, 42, '04:28:33', 1321, 'Male', 'False'),
(161, 5, 98, '05:18:09', 1593, 'Female', 'False'),
(162, 6, 55, '05:48:43', 1412, 'Female', 'False'),
(163, 7, 93, '02:15:25', 339, 'Female', 'True'),
(164, 8, 94, '03:30:44', 4566, 'Male', 'False'),
(165, 9, 45, '03:48:33', 4269, 'Male', 'False'),
(166, 10, 81, '05:53:15', 4213, 'Male', 'False'),
(167, 11, 89, '04:34:13', 3119, 'Male', 'False'),
(168, 12, 96, '05:08:35', 4746, 'Male', 'False'),
(169, 1, 56, '04:23:45', 3196, 'Male', 'False'),
(170, 2, 65, '03:58:39', 392, 'Female', 'False'),
(171, 3, 30, '04:13:36', 4749, 'Female', 'False'),
(172, 4, 60, '03:37:45', 2227, 'Male', 'False'),
(173, 5, 21, '02:48:37', 940, 'Male', 'False'),
(174, 6, 72, '04:33:20', 1455, 'Female', 'False'),
(175, 7, 37, '03:26:02', 4204, 'Female', 'False'),
(176, 8, 84, '05:57:37', 4345, 'Female', 'False'),
(177, 9, 69, '02:56:23', 3151, 'Female', 'False'),
(178, 10, 40, '04:08:39', 1011, 'Male', 'False'),
(179, 11, 50, '05:56:45', 862, 'Female', 'False'),
(180, 12, 9, '04:24:16', 4807, 'Male', 'False'),
(181, 1, 25, '02:26:17', 4995, 'Female', 'False'),
(182, 2, 82, '04:22:26', 2370, 'Female', 'False'),
(183, 3, 21, '04:53:48', 1084, 'Male', 'False'),
(184, 4, 71, '02:39:45', 3012, 'Female', 'False'),
(185, 5, 72, '04:19:51', 1409, 'Female', 'False'),
(186, 6, 60, '03:23:09', 2959, 'Male', 'False'),
(187, 7, 48, '02:05:02', 589, 'Male', 'True'),
(188, 8, 43, '03:36:49', 1956, 'Male', 'False'),
(189, 9, 33, '03:27:32', 3484, 'Female', 'False'),
(190, 10, 82, '02:11:54', 1059, 'Female', 'True'),
(191, 11, 4, '03:18:09', 843, 'Female', 'False'),
(192, 12, 59, '04:21:45', 4792, 'Male', 'False'),
(193, 1, 92, '04:16:41', 354, 'Female', 'False'),
(194, 2, 52, '02:18:48', 2967, 'Male', 'False'),
(195, 3, 19, '02:56:38', 4574, 'Female', 'False'),
(196, 4, 73, '03:26:48', 4587, 'Female', 'False'),
(197, 5, 13, '03:38:25', 3268, 'Female', 'False'),
(198, 6, 16, '04:55:39', 3789, 'Male', 'False'),
(199, 7, 91, '02:37:08', 2951, 'Male', 'False'),
(200, 8, 14, '03:34:06', 1827, 'Male', 'False'),
(201, 9, 81, '04:36:51', 15, 'Male', 'False'),
(202, 10, 78, '04:16:05', 3209, 'Male', 'False'),
(203, 11, 44, '04:48:35', 4919, 'Female', 'False'),
(204, 12, 43, '04:41:01', 4015, 'Male', 'False'),
(205, 1, 66, '02:52:36', 1995, 'Male', 'False'),
(206, 2, 14, '03:09:06', 2031, 'Male', 'False'),
(207, 3, 77, '02:51:47', 3111, 'Male', 'False'),
(208, 4, 29, '03:56:08', 3879, 'Female', 'False'),
(209, 5, 42, '04:13:02', 4811, 'Male', 'False'),
(210, 6, 23, '02:20:19', 4285, 'Male', 'False'),
(211, 7, 49, '04:03:58', 4756, 'Female', 'False'),
(212, 8, 56, '05:08:20', 3449, 'Male', 'False'),
(213, 9, 84, '02:15:26', 2420, 'Female', 'True'),
(214, 10, 20, '05:06:20', 4514, 'Female', 'False'),
(215, 11, 60, '04:54:26', 4741, 'Male', 'False'),
(216, 12, 57, '02:28:28', 2389, 'Female', 'False'),
(217, 1, 29, '04:45:57', 1822, 'Female', 'False'),
(218, 2, 91, '05:14:15', 4628, 'Male', 'False'),
(219, 3, 44, '05:53:38', 3911, 'Female', 'False'),
(220, 4, 5, '04:40:42', 1038, 'Female', 'False'),
(221, 5, 22, '05:44:04', 689, 'Female', 'False'),
(222, 6, 8, '05:39:27', 3070, 'Female', 'False'),
(223, 7, 45, '04:57:57', 1406, 'Male', 'False'),
(224, 8, 22, '04:28:20', 1712, 'Female', 'False'),
(225, 9, 94, '05:25:30', 2274, 'Male', 'False'),
(226, 10, 76, '03:34:02', 4028, 'Male', 'False'),
(227, 11, 42, '02:03:04', 2784, 'Male', 'True'),
(228, 12, 75, '02:57:15', 3215, 'Female', 'False'),
(229, 1, 37, '04:55:23', 2699, 'Female', 'False'),
(230, 2, 54, '02:48:56', 3321, 'Male', 'False'),
(231, 3, 27, '04:43:17', 2997, 'Male', 'False'),
(232, 4, 33, '02:59:34', 4823, 'Female', 'False'),
(233, 5, 50, '04:29:35', 275, 'Female', 'False'),
(234, 6, 78, '03:25:44', 1928, 'Male', 'False'),
(235, 7, 83, '02:11:54', 874, 'Female', 'True'),
(236, 8, 49, '05:01:09', 4729, 'Female', 'False'),
(237, 9, 32, '03:43:06', 804, 'Male', 'False'),
(238, 10, 14, '04:16:13', 4089, 'Male', 'False'),
(239, 11, 45, '05:22:10', 436, 'Male', 'False'),
(240, 12, 31, '04:08:06', 4516, 'Female', 'False'),
(241, 1, 45, '04:41:21', 3860, 'Male', 'False'),
(242, 2, 92, '04:26:29', 3382, 'Female', 'False'),
(243, 3, 7, '04:12:21', 3850, 'Male', 'False'),
(244, 4, 95, '02:13:24', 3258, 'Female', 'True'),
(245, 5, 95, '05:57:26', 1063, 'Female', 'False'),
(246, 6, 6, '03:43:46', 4130, 'Female', 'False'),
(247, 7, 55, '02:11:54', 1601, 'Female', 'True'),
(248, 8, 70, '05:23:33', 4480, 'Male', 'False'),
(249, 9, 52, '04:51:41', 2986, 'Male', 'False'),
(250, 10, 89, '05:38:29', 3016, 'Male', 'False'),
(251, 11, 7, '05:19:23', 2286, 'Male', 'False'),
(252, 12, 61, '05:56:53', 352, 'Female', 'False'),
(253, 1, 80, '03:52:40', 1499, 'Female', 'False'),
(254, 2, 66, '04:59:22', 1384, 'Male', 'False'),
(255, 3, 31, '02:58:03', 4590, 'Female', 'False'),
(256, 4, 51, '03:57:34', 787, 'Male', 'False'),
(257, 5, 32, '04:33:58', 976, 'Male', 'False'),
(258, 6, 39, '03:26:19', 1267, 'Male', 'False'),
(259, 7, 44, '05:52:03', 623, 'Female', 'False'),
(260, 8, 80, '02:20:49', 715, 'Female', 'False'),
(261, 9, 77, '04:00:17', 667, 'Male', 'False'),
(262, 10, 65, '03:09:27', 1585, 'Female', 'False'),
(263, 11, 58, '02:27:09', 4321, 'Male', 'False'),
(264, 12, 73, '05:30:30', 2613, 'Female', 'False'),
(265, 1, 74, '05:26:30', 1924, 'Male', 'False'),
(266, 2, 100, '02:18:35', 4398, 'Female', 'False'),
(267, 3, 43, '05:45:11', 10, 'Male', 'False'),
(268, 4, 55, '03:10:53', 1997, 'Female', 'False'),
(269, 5, 59, '04:26:57', 600, 'Male', 'False'),
(270, 6, 61, '05:46:12', 1079, 'Female', 'False'),
(271, 7, 84, '02:32:49', 886, 'Female', 'False'),
(272, 8, 36, '02:11:54', 794, 'Female', 'True'),
(273, 9, 2, '03:06:49', 4928, 'Male', 'False'),
(274, 10, 57, '04:11:57', 4980, 'Female', 'False'),
(275, 11, 90, '03:27:57', 3247, 'Female', 'False'),
(276, 12, 35, '04:15:18', 2738, 'Male', 'False'),
(277, 1, 41, '03:32:05', 784, 'Male', 'False'),
(278, 2, 9, '05:54:29', 3780, 'Male', 'False'),
(279, 3, 37, '03:59:32', 142, 'Female', 'False'),
(280, 4, 89, '04:31:59', 401, 'Male', 'False'),
(281, 5, 27, '04:01:08', 4860, 'Male', 'False'),
(282, 6, 42, '03:32:00', 3833, 'Male', 'False'),
(283, 7, 16, '03:24:39', 4856, 'Male', 'False'),
(284, 8, 5, '05:19:02', 3869, 'Female', 'False'),
(285, 9, 17, '04:16:07', 3713, 'Female', 'False'),
(286, 10, 67, '05:49:30', 1410, 'Male', 'False'),
(287, 11, 93, '02:49:49', 888, 'Female', 'False'),
(288, 12, 33, '04:09:20', 1376, 'Female', 'False'),
(289, 1, 89, '03:42:08', 1977, 'Male', 'False'),
(290, 2, 56, '04:22:54', 2161, 'Male', 'False'),
(291, 3, 71, '03:36:28', 3673, 'Female', 'False'),
(292, 4, 2, '05:16:58', 2336, 'Male', 'False'),
(293, 5, 84, '03:12:13', 1372, 'Female', 'False'),
(294, 6, 48, '04:06:29', 4853, 'Male', 'False'),
(295, 7, 20, '03:43:40', 2223, 'Female', 'False'),
(296, 8, 39, '02:24:38', 3817, 'Male', 'False'),
(297, 9, 19, '04:14:23', 570, 'Female', 'False'),
(298, 10, 34, '03:19:44', 4538, 'Female', 'False'),
(299, 11, 65, '04:58:30', 938, 'Female', 'False'),
(300, 12, 68, '05:08:49', 4754, 'Male', 'False'),
(301, 1, 36, '05:14:33', 4507, 'Female', 'False'),
(302, 2, 53, '04:41:31', 2579, 'Female', 'False'),
(303, 3, 3, '03:24:22', 2227, 'Male', 'False'),
(304, 4, 15, '04:12:30', 1155, 'Male', 'False'),
(305, 5, 40, '03:53:31', 3300, 'Male', 'False'),
(306, 6, 46, '04:01:53', 2671, 'Male', 'False'),
(307, 7, 29, '05:46:47', 3286, 'Female', 'False'),
(308, 8, 46, '03:48:16', 196, 'Male', 'False'),
(309, 9, 41, '04:28:53', 2017, 'Male', 'False'),
(310, 10, 41, '05:58:09', 3555, 'Male', 'False'),
(311, 11, 8, '03:31:14', 1419, 'Female', 'False'),
(312, 12, 4, '02:16:57', 4014, 'Female', 'True'),
(313, 1, 40, '03:48:59', 1299, 'Male', 'False'),
(314, 2, 74, '05:23:17', 4870, 'Male', 'False'),
(315, 3, 53, '04:50:51', 1585, 'Female', 'False'),
(316, 4, 70, '03:21:55', 3427, 'Male', 'False'),
(317, 5, 5, '03:17:35', 3382, 'Female', 'False'),
(318, 6, 32, '02:07:24', 2326, 'Male', 'True'),
(319, 7, 39, '05:13:37', 4045, 'Male', 'False'),
(320, 8, 92, '02:43:53', 931, 'Female', 'False'),
(321, 9, 15, '03:35:01', 551, 'Male', 'False'),
(322, 10, 80, '04:38:13', 3254, 'Female', 'False'),
(323, 11, 29, '02:11:54', 75, 'Female', 'True'),
(324, 12, 10, '05:46:49', 4136, 'Female', 'False'),
(325, 1, 47, '05:25:55', 363, 'Male', 'False'),
(326, 2, 88, '04:18:56', 1143, 'Female', 'False'),
(327, 3, 68, '05:31:20', 156, 'Male', 'False'),
(328, 4, 90, '05:05:03', 2912, 'Female', 'False'),
(329, 5, 78, '05:53:48', 1978, 'Male', 'False'),
(330, 6, 2, '03:49:53', 1209, 'Male', 'False'),
(331, 7, 10, '03:56:09', 4461, 'Female', 'False'),
(332, 8, 62, '03:44:06', 674, 'Male', 'False'),
(333, 9, 63, '02:18:32', 906, 'Male', 'False'),
(334, 10, 26, '03:48:17', 1109, 'Female', 'False'),
(335, 11, 14, '05:52:01', 2857, 'Male', 'False'),
(336, 12, 12, '05:47:07', 3505, 'Male', 'False'),
(337, 1, 90, '03:57:10', 3450, 'Female', 'False'),
(338, 2, 71, '05:33:45', 4634, 'Female', 'False'),
(339, 3, 56, '05:02:17', 213, 'Male', 'False'),
(340, 4, 80, '05:42:44', 4070, 'Female', 'False'),
(341, 5, 53, '02:11:54', 2367, 'Female', 'True'),
(342, 6, 97, '04:46:44', 543, 'Male', 'False'),
(343, 7, 89, '05:38:01', 2918, 'Male', 'False'),
(344, 8, 98, '02:16:34', 4036, 'Female', 'True'),
(345, 9, 89, '03:04:01', 49, 'Male', 'False'),
(346, 10, 13, '05:41:23', 905, 'Female', 'False'),
(347, 11, 5, '03:15:32', 104, 'Female', 'False'),
(348, 12, 36, '04:02:26', 4871, 'Female', 'False'),
(349, 1, 58, '04:57:35', 1819, 'Male', 'False'),
(350, 2, 60, '02:16:19', 2277, 'Male', 'False'),
(351, 3, 2, '03:17:50', 4953, 'Male', 'False'),
(352, 4, 87, '05:58:48', 2722, 'Female', 'False'),
(353, 5, 90, '03:20:21', 1244, 'Female', 'False'),
(354, 6, 65, '03:32:38', 777, 'Female', 'False'),
(355, 7, 97, '03:53:54', 2083, 'Male', 'False'),
(356, 8, 13, '04:52:25', 1029, 'Female', 'False'),
(357, 9, 26, '05:40:43', 3969, 'Female', 'False'),
(358, 10, 44, '04:37:05', 928, 'Female', 'False'),
(359, 11, 95, '02:29:23', 142, 'Female', 'False'),
(360, 12, 58, '04:18:49', 1294, 'Male', 'False'),
(361, 1, 26, '04:47:54', 1776, 'Female', 'False'),
(362, 2, 5, '02:25:28', 924, 'Female', 'False'),
(363, 3, 87, '03:12:34', 282, 'Female', 'False'),
(364, 4, 20, '05:44:41', 3553, 'Female', 'False'),
(365, 5, 41, '04:39:58', 2018, 'Male', 'False'),
(366, 6, 38, '05:11:41', 3804, 'Male', 'False'),
(367, 7, 33, '04:45:53', 4365, 'Female', 'False'),
(368, 8, 82, '05:10:35', 4432, 'Female', 'False'),
(369, 9, 16, '05:43:13', 4787, 'Male', 'False'),
(370, 10, 86, '03:41:48', 573, 'Male', 'False'),
(371, 11, 57, '02:25:16', 1404, 'Female', 'False'),
(372, 12, 85, '05:23:07', 3356, 'Female', 'False'),
(373, 1, 15, '04:02:09', 3846, 'Male', 'False'),
(374, 2, 69, '02:43:43', 2959, 'Female', 'False'),
(375, 3, 36, '03:15:55', 1306, 'Female', 'False'),
(376, 4, 34, '02:50:16', 3545, 'Female', 'False'),
(377, 5, 56, '05:49:13', 3977, 'Male', 'False'),
(378, 6, 36, '02:26:12', 1009, 'Female', 'False'),
(379, 7, 99, '03:09:51', 3007, 'Male', 'False'),
(380, 8, 40, '03:26:55', 319, 'Male', 'False'),
(381, 9, 4, '04:21:40', 4905, 'Female', 'False'),
(382, 10, 83, '04:51:04', 682, 'Female', 'False'),
(383, 11, 69, '04:37:22', 242, 'Female', 'False'),
(384, 12, 14, '04:53:18', 4808, 'Male', 'False'),
(385, 1, 99, '03:50:17', 152, 'Male', 'False'),
(386, 2, 3, '05:00:36', 4526, 'Male', 'False'),
(387, 3, 78, '03:36:47', 3672, 'Male', 'False'),
(388, 4, 10, '02:51:30', 2819, 'Female', 'False'),
(389, 5, 79, '04:26:21', 265, 'Male', 'False'),
(390, 6, 79, '04:10:31', 4037, 'Male', 'False'),
(391, 7, 78, '03:33:10', 4899, 'Male', 'False'),
(392, 8, 47, '02:02:04', 223, 'Male', 'True'),
(393, 9, 47, '03:14:46', 2452, 'Male', 'False'),
(394, 10, 75, '04:23:21', 2199, 'Female', 'False'),
(395, 11, 64, '05:20:17', 1823, 'Female', 'False'),
(396, 12, 63, '04:41:20', 3422, 'Male', 'False'),
(397, 1, 86, '02:07:26', 4838, 'Male', 'True'),
(398, 2, 77, '05:24:59', 2875, 'Male', 'False'),
(399, 3, 4, '04:09:30', 4888, 'Female', 'False'),
(400, 4, 68, '02:33:35', 835, 'Male', 'False'),
(401, 5, 47, '02:03:37', 2834, 'Male', 'True'),
(402, 6, 7, '03:20:33', 1589, 'Male', 'False'),
(403, 7, 60, '03:09:42', 1903, 'Male', 'False'),
(404, 8, 32, '02:35:14', 3048, 'Male', 'False'),
(405, 9, 53, '03:05:45', 4091, 'Female', 'False'),
(406, 10, 93, '03:01:19', 4439, 'Female', 'False'),
(407, 11, 82, '05:29:26', 4229, 'Female', 'False'),
(408, 12, 7, '04:57:18', 2675, 'Male', 'False'),
(409, 1, 94, '03:36:37', 975, 'Male', 'False'),
(410, 2, 13, '05:00:30', 3722, 'Female', 'False'),
(411, 3, 61, '02:42:38', 927, 'Female', 'False'),
(412, 4, 74, '04:03:53', 2240, 'Male', 'False'),
(413, 5, 7, '02:26:34', 3340, 'Male', 'False'),
(414, 6, 69, '05:08:34', 3668, 'Female', 'False'),
(415, 7, 100, '02:37:05', 648, 'Female', 'False'),
(416, 8, 63, '02:30:23', 2610, 'Male', 'False'),
(417, 9, 7, '05:16:24', 2012, 'Male', 'False'),
(418, 10, 77, '03:40:40', 2567, 'Male', 'False'),
(419, 11, 66, '02:31:39', 1481, 'Male', 'False'),
(420, 12, 23, '02:09:23', 53, 'Male', 'False'),
(421, 1, 35, '02:19:53', 3352, 'Male', 'False'),
(422, 2, 25, '04:23:40', 3979, 'Female', 'False'),
(423, 3, 40, '04:31:55', 4980, 'Male', 'False'),
(424, 4, 40, '03:57:29', 581, 'Male', 'False'),
(425, 5, 76, '04:19:23', 4621, 'Male', 'False'),
(426, 6, 99, '04:57:00', 3545, 'Male', 'False'),
(427, 7, 43, '04:39:31', 4732, 'Male', 'False'),
(428, 8, 34, '05:31:24', 4454, 'Female', 'False'),
(429, 9, 99, '05:55:57', 2680, 'Male', 'False'),
(430, 10, 45, '02:27:44', 306, 'Male', 'False'),
(431, 11, 85, '03:14:16', 616, 'Female', 'False'),
(432, 12, 81, '05:13:59', 2216, 'Male', 'False'),
(433, 1, 50, '03:11:49', 1343, 'Female', 'False'),
(434, 2, 64, '04:03:58', 4525, 'Female', 'False'),
(435, 3, 35, '03:12:41', 1015, 'Male', 'False'),
(436, 4, 43, '02:58:21', 2993, 'Male', 'False'),
(437, 5, 73, '04:46:23', 3401, 'Female', 'False'),
(438, 6, 64, '02:53:50', 4977, 'Female', 'False'),
(439, 7, 34, '03:09:09', 4340, 'Female', 'False'),
(440, 8, 33, '05:23:05', 2058, 'Female', 'False'),
(441, 9, 22, '04:50:36', 3012, 'Female', 'False'),
(442, 10, 35, '04:48:33', 4781, 'Male', 'False'),
(443, 11, 81, '04:25:00', 2646, 'Male', 'False'),
(444, 12, 92, '05:04:04', 1395, 'Female', 'False'),
(445, 1, 73, '02:26:41', 3099, 'Female', 'False'),
(446, 2, 93, '05:54:11', 4210, 'Female', 'False'),
(447, 3, 25, '05:22:31', 3932, 'Female', 'False'),
(448, 4, 25, '02:52:30', 4706, 'Female', 'False'),
(449, 5, 31, '02:14:59', 1751, 'Female', 'True'),
(450, 6, 88, '05:54:45', 1919, 'Female', 'False'),
(451, 7, 72, '02:51:26', 3091, 'Female', 'False'),
(452, 8, 2, '03:32:07', 1663, 'Male', 'False'),
(453, 9, 90, '04:27:17', 2195, 'Female', 'False'),
(454, 10, 88, '03:10:17', 3665, 'Female', 'False'),
(455, 11, 33, '04:09:47', 1088, 'Female', 'False'),
(456, 12, 22, '03:45:45', 2897, 'Female', 'False'),
(457, 1, 17, '05:13:27', 504, 'Female', 'False'),
(458, 2, 16, '03:31:31', 1959, 'Male', 'False'),
(459, 3, 99, '02:34:03', 3997, 'Male', 'False'),
(460, 4, 21, '02:03:34', 4461, 'Male', 'True'),
(461, 5, 100, '05:23:06', 2120, 'Female', 'False'),
(462, 6, 25, '05:56:19', 4531, 'Female', 'False'),
(463, 7, 32, '05:10:53', 4157, 'Male', 'False'),
(464, 8, 88, '04:57:24', 3297, 'Female', 'False'),
(465, 9, 67, '03:56:18', 3266, 'Male', 'False'),
(466, 10, 17, '02:17:12', 4402, 'Female', 'True'),
(467, 11, 98, '04:41:50', 4579, 'Female', 'False'),
(468, 12, 87, '03:10:51', 384, 'Female', 'False'),
(469, 1, 46, '04:55:56', 3079, 'Male', 'False'),
(470, 2, 57, '05:18:53', 1962, 'Female', 'False'),
(471, 3, 82, '03:57:20', 947, 'Female', 'False'),
(472, 4, 13, '03:28:10', 2838, 'Female', 'False'),
(473, 5, 97, '04:01:56', 4852, 'Male', 'False'),
(474, 6, 85, '03:28:59', 4085, 'Female', 'False'),
(475, 7, 19, '05:05:24', 2446, 'Female', 'False'),
(476, 8, 68, '05:31:06', 1175, 'Male', 'False'),
(477, 9, 66, '05:04:11', 132, 'Male', 'False'),
(478, 10, 30, '04:39:38', 1741, 'Female', 'False'),
(479, 11, 32, '03:04:26', 3699, 'Male', 'False'),
(480, 12, 67, '04:34:08', 4041, 'Male', 'False'),
(481, 1, 21, '03:45:36', 1345, 'Male', 'False'),
(482, 2, 2, '03:12:29', 3665, 'Male', 'False'),
(483, 3, 50, '05:33:05', 4210, 'Female', 'False'),
(484, 4, 30, '03:36:05', 1984, 'Female', 'False'),
(485, 5, 52, '03:54:41', 1504, 'Male', 'False'),
(486, 6, 11, '02:11:42', 3408, 'Male', 'False'),
(487, 7, 40, '03:05:19', 3563, 'Male', 'False'),
(488, 8, 60, '03:03:52', 4829, 'Male', 'False'),
(489, 9, 23, '05:38:19', 4148, 'Male', 'False'),
(490, 10, 70, '05:28:42', 1562, 'Male', 'False'),
(491, 11, 47, '04:49:09', 2099, 'Male', 'False'),
(492, 12, 66, '03:08:35', 2724, 'Male', 'False'),
(493, 1, 6, '05:41:11', 1790, 'Female', 'False'),
(494, 2, 38, '03:20:17', 1661, 'Male', 'False'),
(495, 3, 48, '04:26:31', 942, 'Male', 'False'),
(496, 4, 8, '02:29:04', 4463, 'Female', 'False'),
(497, 5, 62, '04:35:04', 1745, 'Male', 'False'),
(498, 6, 22, '02:22:09', 4709, 'Female', 'False'),
(499, 7, 1, '04:08:59', 4431, 'Female', 'False'),
(500, 8, 64, '03:40:58', 1648, 'Female', 'False'),
(501, 9, 100, '02:45:00', 729, 'Female', 'False'),
(502, 10, 85, '03:00:20', 1970, 'Female', 'False'),
(503, 11, 6, '04:20:01', 4153, 'Female', 'False'),
(504, 12, 34, '04:57:16', 2725, 'Female', 'False'),
(505, 1, 24, '04:39:25', 2844, 'Female', 'False'),
(506, 2, 63, '04:50:47', 194, 'Male', 'False'),
(507, 3, 33, '03:21:27', 4024, 'Female', 'False'),
(508, 4, 19, '05:23:57', 1104, 'Female', 'False'),
(509, 5, 11, '05:22:03', 1895, 'Male', 'False'),
(510, 6, 80, '05:43:07', 1844, 'Female', 'False'),
(511, 7, 2, '02:39:20', 3927, 'Male', 'False'),
(512, 8, 93, '03:29:33', 2303, 'Female', 'False'),
(513, 9, 96, '05:40:15', 968, 'Male', 'False'),
(514, 10, 23, '03:28:15', 4281, 'Male', 'False'),
(515, 11, 87, '02:21:07', 3232, 'Female', 'False'),
(516, 12, 98, '05:32:45', 4463, 'Female', 'False'),
(517, 1, 31, '05:22:26', 1181, 'Female', 'False'),
(518, 2, 89, '04:40:44', 4973, 'Male', 'False'),
(519, 3, 34, '02:27:27', 4231, 'Female', 'False'),
(520, 4, 54, '02:21:48', 1171, 'Male', 'False'),
(521, 5, 1, '02:59:38', 1147, 'Female', 'False'),
(522, 6, 67, '02:43:53', 3707, 'Male', 'False'),
(523, 7, 96, '05:58:26', 1103, 'Male', 'False'),
(524, 8, 97, '04:06:40', 1728, 'Male', 'False'),
(525, 9, 18, '02:07:44', 2383, 'Male', 'True'),
(526, 10, 3, '03:59:59', 4869, 'Male', 'False'),
(527, 11, 48, '04:12:09', 944, 'Male', 'False'),
(528, 12, 21, '02:12:09', 4946, 'Male', 'False'),
(529, 1, 54, '03:52:25', 4177, 'Male', 'False'),
(530, 2, 4, '02:25:55', 1306, 'Female', 'False'),
(531, 3, 9, '02:09:02', 282, 'Male', 'False'),
(532, 4, 39, '02:36:17', 2114, 'Male', 'False'),
(533, 5, 8, '03:38:58', 2963, 'Female', 'False'),
(534, 6, 84, '03:28:20', 1538, 'Female', 'False'),
(535, 7, 75, '03:22:30', 1878, 'Female', 'False'),
(536, 8, 54, '05:51:50', 3267, 'Male', 'False'),
(537, 9, 49, '04:50:31', 3529, 'Female', 'False'),
(538, 10, 63, '03:31:00', 3213, 'Male', 'False'),
(539, 11, 77, '05:27:59', 2784, 'Male', 'False'),
(540, 12, 79, '02:59:31', 2496, 'Male', 'False'),
(541, 1, 64, '05:12:09', 4436, 'Female', 'False'),
(542, 2, 51, '03:27:16', 3659, 'Male', 'False'),
(543, 3, 75, '02:11:54', 4112, 'Female', 'True'),
(544, 4, 91, '04:16:13', 4143, 'Male', 'False'),
(545, 5, 55, '04:03:28', 1486, 'Female', 'False'),
(546, 6, 77, '02:44:39', 4805, 'Male', 'False'),
(547, 7, 86, '03:37:47', 4877, 'Male', 'False'),
(548, 8, 35, '03:08:27', 559, 'Male', 'False'),
(549, 9, 57, '03:30:44', 1276, 'Female', 'False'),
(550, 10, 49, '03:35:12', 1255, 'Female', 'False'),
(551, 11, 53, '02:40:52', 4096, 'Female', 'False'),
(552, 12, 65, '05:58:01', 3381, 'Female', 'False'),
(553, 1, 18, '04:46:55', 1279, 'Male', 'False'),
(554, 2, 59, '04:32:55', 7, 'Male', 'False'),
(555, 3, 66, '04:00:39', 470, 'Male', 'False'),
(556, 4, 31, '04:16:22', 2410, 'Female', 'False'),
(557, 5, 77, '03:12:36', 2328, 'Male', 'False'),
(558, 6, 89, '03:34:45', 4690, 'Male', 'False'),
(559, 7, 12, '02:08:59', 3527, 'Male', 'True'),
(560, 8, 61, '02:43:49', 3982, 'Female', 'False'),
(561, 9, 28, '02:20:46', 1985, 'Male', 'False'),
(562, 10, 97, '03:33:03', 3821, 'Male', 'False'),
(563, 11, 96, '02:17:44', 2766, 'Male', 'False'),
(564, 12, 25, '05:52:23', 1979, 'Female', 'False'),
(565, 1, 63, '02:56:24', 1733, 'Male', 'False'),
(566, 2, 95, '04:08:57', 3531, 'Female', 'False'),
(567, 3, 12, '02:23:55', 4436, 'Male', 'False'),
(568, 4, 72, '02:39:05', 1514, 'Female', 'False'),
(569, 5, 65, '04:09:28', 3181, 'Female', 'False'),
(570, 6, 87, '05:22:09', 3852, 'Female', 'False'),
(571, 7, 4, '05:11:12', 4727, 'Female', 'False'),
(572, 8, 57, '05:06:07', 2956, 'Female', 'False'),
(573, 9, 36, '05:08:22', 3934, 'Female', 'False'),
(574, 10, 52, '02:24:00', 4895, 'Male', 'False'),
(575, 11, 99, '03:45:39', 1634, 'Male', 'False'),
(576, 12, 78, '02:34:24', 3292, 'Male', 'False'),
(577, 1, 43, '03:12:48', 790, 'Male', 'False'),
(578, 2, 80, '02:36:15', 4048, 'Female', 'False'),
(579, 3, 57, '04:35:04', 974, 'Female', 'False'),
(580, 4, 12, '04:39:11', 4739, 'Male', 'False'),
(581, 5, 35, '02:50:05', 2768, 'Male', 'False'),
(582, 6, 94, '02:33:41', 3942, 'Male', 'False'),
(583, 7, 58, '05:35:21', 2513, 'Male', 'False'),
(584, 8, 23, '04:39:21', 912, 'Male', 'False'),
(585, 9, 93, '05:59:47', 1896, 'Female', 'False'),
(586, 10, 55, '02:58:24', 4878, 'Female', 'False'),
(587, 11, 91, '04:03:04', 1118, 'Male', 'False'),
(588, 12, 26, '03:25:57', 2242, 'Female', 'False'),
(589, 1, 11, '02:33:36', 3999, 'Male', 'False'),
(590, 2, 15, '04:37:50', 4337, 'Male', 'False'),
(591, 3, 38, '03:14:30', 3508, 'Male', 'False'),
(592, 4, 63, '02:36:27', 4008, 'Male', 'False'),
(593, 5, 87, '05:38:15', 297, 'Female', 'False'),
(594, 6, 27, '02:51:02', 3026, 'Male', 'False'),
(595, 7, 27, '03:04:26', 2517, 'Male', 'False'),
(596, 8, 6, '04:52:52', 2601, 'Female', 'False'),
(597, 9, 91, '02:33:26', 4456, 'Male', 'False'),
(598, 10, 39, '04:52:50', 4391, 'Male', 'False'),
(599, 11, 2, '02:15:39', 476, 'Male', 'False'),
(600, 12, 1, '03:27:54', 3650, 'Female', 'False'),
(601, 1, 97, '02:44:17', 1717, 'Male', 'False'),
(602, 2, 78, '05:51:17', 4226, 'Male', 'False'),
(603, 3, 83, '05:26:34', 231, 'Female', 'False'),
(604, 4, 88, '02:23:33', 4653, 'Female', 'False'),
(605, 5, 96, '05:07:23', 4643, 'Male', 'False'),
(606, 6, 82, '04:13:58', 475, 'Female', 'False'),
(607, 7, 65, '03:51:39', 3894, 'Female', 'False'),
(608, 8, 19, '05:38:42', 984, 'Female', 'False'),
(609, 9, 54, '02:49:19', 2087, 'Male', 'False'),
(610, 10, 100, '02:36:40', 2335, 'Female', 'False'),
(611, 11, 52, '05:25:59', 1006, 'Male', 'False'),
(612, 12, 18, '03:16:39', 1476, 'Male', 'False'),
(613, 1, 49, '02:47:53', 1440, 'Female', 'False'),
(614, 2, 46, '05:48:37', 3530, 'Male', 'False'),
(615, 3, 79, '02:01:08', 1502, 'Male', 'True'),
(616, 4, 56, '04:32:57', 3854, 'Male', 'False'),
(617, 5, 26, '02:30:58', 4012, 'Female', 'False'),
(618, 6, 51, '04:59:02', 2621, 'Male', 'False'),
(619, 7, 94, '03:29:54', 3388, 'Male', 'False'),
(620, 8, 85, '04:47:27', 3183, 'Female', 'False'),
(621, 9, 9, '05:17:29', 2090, 'Male', 'False'),
(622, 10, 90, '02:46:02', 1487, 'Female', 'False'),
(623, 11, 11, '05:05:12', 2711, 'Male', 'False'),
(624, 12, 30, '04:46:06', 417, 'Female', 'False'),
(625, 1, 55, '03:36:07', 1904, 'Female', 'False'),
(626, 2, 8, '02:11:54', 4909, 'Female', 'True'),
(627, 3, 26, '05:22:00', 2395, 'Female', 'False'),
(628, 4, 26, '05:34:39', 1899, 'Female', 'False'),
(629, 5, 75, '03:38:04', 1488, 'Female', 'False'),
(630, 6, 12, '04:40:25', 4316, 'Male', 'False'),
(631, 7, 38, '05:39:27', 4302, 'Male', 'False'),
(632, 8, 74, '02:46:36', 2527, 'Male', 'False'),
(633, 9, 92, '02:11:54', 4073, 'Female', 'True'),
(634, 10, 10, '04:11:51', 4943, 'Female', 'False'),
(635, 11, 55, '05:13:29', 374, 'Female', 'False'),
(636, 12, 17, '05:21:21', 4726, 'Female', 'False'),
(637, 1, 42, '04:12:07', 1967, 'Male', 'False'),
(638, 2, 22, '04:02:51', 2913, 'Female', 'False'),
(639, 3, 84, '02:45:07', 4153, 'Female', 'False'),
(640, 4, 82, '05:43:34', 2140, 'Female', 'False'),
(641, 5, 37, '04:22:46', 2955, 'Female', 'False'),
(642, 6, 71, '05:54:19', 3043, 'Female', 'False'),
(643, 7, 35, '03:20:11', 3644, 'Male', 'False'),
(644, 8, 71, '02:50:38', 2154, 'Female', 'False'),
(645, 9, 61, '05:49:20', 264, 'Female', 'False'),
(646, 10, 9, '05:41:21', 2409, 'Male', 'False'),
(647, 11, 92, '04:39:50', 4470, 'Female', 'False'),
(648, 12, 45, '05:31:59', 3499, 'Male', 'False'),
(649, 1, 81, '03:19:51', 3451, 'Male', 'False'),
(650, 2, 34, '04:54:57', 4498, 'Female', 'False'),
(651, 3, 92, '02:11:54', 3193, 'Female', 'True'),
(652, 4, 35, '05:18:29', 3835, 'Male', 'False'),
(653, 5, 89, '03:38:53', 4288, 'Male', 'False'),
(654, 6, 28, '03:56:27', 4048, 'Male', 'False'),
(655, 7, 42, '02:45:53', 1442, 'Male', 'False'),
(656, 8, 75, '04:40:18', 1400, 'Female', 'False'),
(657, 9, 56, '05:27:58', 414, 'Male', 'False'),
(658, 10, 73, '05:31:22', 1587, 'Female', 'False'),
(659, 11, 70, '02:51:03', 125, 'Male', 'False'),
(660, 12, 70, '05:39:48', 4949, 'Male', 'False'),
(661, 1, 60, '05:37:09', 4589, 'Male', 'False'),
(662, 2, 19, '02:11:54', 3843, 'Female', 'True'),
(663, 3, 47, '04:30:36', 195, 'Male', 'False'),
(664, 4, 7, '02:39:32', 4778, 'Male', 'False'),
(665, 5, 45, '05:55:44', 14, 'Male', 'False'),
(666, 6, 40, '05:28:34', 3149, 'Male', 'False'),
(667, 7, 7, '04:52:23', 1407, 'Male', 'False'),
(668, 8, 7, '05:25:04', 425, 'Male', 'False'),
(669, 9, 68, '02:06:56', 2756, 'Male', 'True'),
(670, 10, 43, '02:40:41', 3484, 'Male', 'False'),
(671, 11, 49, '03:50:49', 3347, 'Female', 'False'),
(672, 12, 37, '04:54:18', 1795, 'Female', 'False'),
(673, 1, 71, '02:45:22', 4773, 'Female', 'False'),
(674, 2, 47, '05:02:26', 3354, 'Male', 'False'),
(675, 3, 86, '04:47:23', 907, 'Male', 'False'),
(676, 4, 3, '03:25:38', 3297, 'Male', 'False'),
(677, 5, 20, '04:20:33', 4064, 'Female', 'False'),
(678, 6, 62, '02:51:54', 4580, 'Male', 'False'),
(679, 7, 95, '05:49:05', 3736, 'Female', 'False'),
(680, 8, 83, '05:45:01', 1058, 'Female', 'False'),
(681, 9, 76, '02:50:14', 1655, 'Male', 'False'),
(682, 10, 79, '04:06:59', 2088, 'Male', 'False'),
(683, 11, 100, '04:11:40', 1112, 'Female', 'False'),
(684, 12, 95, '04:23:50', 229, 'Female', 'False'),
(685, 1, 34, '03:19:06', 2626, 'Female', 'False'),
(686, 2, 84, '03:18:50', 2323, 'Female', 'False'),
(687, 3, 24, '02:20:30', 4330, 'Female', 'False'),
(688, 4, 59, '02:22:19', 175, 'Male', 'False'),
(689, 5, 49, '04:20:48', 2161, 'Female', 'False'),
(690, 6, 76, '03:12:20', 3421, 'Male', 'False'),
(691, 7, 6, '03:15:56', 2691, 'Female', 'False'),
(692, 8, 53, '05:18:52', 1491, 'Female', 'False'),
(693, 9, 34, '02:15:03', 2929, 'Female', 'True'),
(694, 10, 87, '03:45:55', 4819, 'Female', 'False'),
(695, 11, 41, '05:56:24', 3383, 'Male', 'False'),
(696, 12, 6, '05:59:59', 2671, 'Female', 'False'),
(697, 1, 12, '04:34:27', 1603, 'Male', 'False'),
(698, 2, 27, '02:43:54', 4092, 'Male', 'False'),
(699, 3, 18, '05:49:16', 4758, 'Male', 'False'),
(700, 4, 62, '04:07:27', 944, 'Male', 'False'),
(701, 5, 16, '03:05:19', 3725, 'Male', 'False'),
(702, 6, 96, '02:58:30', 783, 'Male', 'False'),
(703, 7, 56, '05:25:38', 624, 'Male', 'False'),
(704, 8, 38, '02:06:51', 72, 'Male', 'True'),
(705, 9, 55, '05:20:31', 69, 'Female', 'False'),
(706, 10, 98, '03:44:47', 2807, 'Female', 'False'),
(707, 11, 23, '04:16:55', 89, 'Male', 'False'),
(708, 12, 76, '03:14:13', 4036, 'Male', 'False'),
(709, 1, 93, '02:13:41', 4016, 'Female', 'True'),
(710, 2, 33, '03:40:21', 4390, 'Female', 'False'),
(711, 3, 11, '04:42:02', 4623, 'Male', 'False'),
(712, 4, 1, '03:29:27', 336, 'Female', 'False'),
(713, 5, 63, '03:06:01', 2742, 'Male', 'False'),
(714, 6, 100, '04:53:37', 2596, 'Female', 'False'),
(715, 7, 23, '02:52:41', 51, 'Male', 'False'),
(716, 8, 12, '03:30:02', 906, 'Male', 'False'),
(717, 9, 79, '03:07:03', 2773, 'Male', 'False'),
(718, 10, 94, '04:30:07', 809, 'Male', 'False'),
(719, 11, 15, '05:20:51', 4238, 'Male', 'False'),
(720, 12, 11, '05:36:39', 2896, 'Male', 'False'),
(721, 1, 83, '02:42:55', 3483, 'Female', 'False'),
(722, 2, 6, '05:24:02', 3636, 'Female', 'False'),
(723, 3, 52, '02:38:47', 732, 'Male', 'False'),
(724, 4, 76, '02:40:12', 1418, 'Male', 'False'),
(725, 5, 6, '02:21:24', 4129, 'Female', 'False'),
(726, 6, 10, '05:56:38', 2065, 'Female', 'False'),
(727, 7, 31, '04:34:49', 440, 'Female', 'False'),
(728, 8, 59, '04:25:01', 1552, 'Male', 'False'),
(729, 9, 60, '04:34:21', 2658, 'Male', 'False'),
(730, 10, 37, '02:26:36', 3918, 'Female', 'False'),
(731, 11, 51, '03:09:08', 4931, 'Male', 'False'),
(732, 12, 93, '05:37:07', 2757, 'Female', 'False'),
(733, 1, 69, '03:52:01', 1572, 'Female', 'False'),
(734, 2, 28, '03:53:31', 1412, 'Male', 'False'),
(735, 3, 97, '03:53:22', 2784, 'Male', 'False'),
(736, 4, 83, '05:53:14', 3865, 'Female', 'False'),
(737, 5, 83, '02:34:48', 2785, 'Female', 'False'),
(738, 6, 68, '03:04:16', 4416, 'Male', 'False'),
(739, 7, 53, '02:45:24', 3372, 'Female', 'False'),
(740, 8, 37, '03:23:27', 3007, 'Female', 'False'),
(741, 9, 82, '03:24:19', 3822, 'Female', 'False'),
(742, 10, 71, '05:36:45', 2040, 'Female', 'False'),
(743, 11, 25, '03:24:20', 974, 'Female', 'False'),
(744, 12, 100, '04:01:46', 2588, 'Female', 'False'),
(745, 1, 82, '04:42:16', 3831, 'Female', 'False'),
(746, 2, 75, '04:25:10', 2969, 'Female', 'False'),
(747, 3, 1, '03:54:18', 3124, 'Female', 'False'),
(748, 4, 99, '02:40:51', 503, 'Male', 'False'),
(749, 5, 4, '04:30:00', 334, 'Female', 'False'),
(750, 6, 47, '02:25:03', 4518, 'Male', 'False'),
(751, 7, 14, '05:23:35', 3283, 'Male', 'False'),
(752, 8, 76, '02:43:25', 4024, 'Male', 'False'),
(753, 9, 97, '04:21:29', 1984, 'Male', 'False'),
(754, 10, 99, '03:06:16', 4524, 'Male', 'False'),
(755, 11, 68, '05:30:43', 3293, 'Male', 'False'),
(756, 12, 29, '03:53:03', 517, 'Female', 'False'),
(757, 1, 91, '04:57:21', 2420, 'Male', 'False'),
(758, 2, 37, '03:06:53', 691, 'Female', 'False'),
(759, 3, 73, '04:01:31', 4386, 'Female', 'False'),
(760, 4, 46, '03:09:12', 3895, 'Male', 'False'),
(761, 5, 24, '02:52:50', 3989, 'Female', 'False'),
(762, 6, 54, '04:58:21', 2601, 'Male', 'False'),
(763, 7, 21, '05:06:35', 567, 'Male', 'False'),
(764, 8, 45, '03:11:21', 1134, 'Male', 'False'),
(765, 9, 44, '02:32:16', 878, 'Female', 'False'),
(766, 10, 32, '03:16:07', 3999, 'Male', 'False'),
(767, 11, 62, '02:36:42', 4683, 'Male', 'False'),
(768, 12, 38, '03:07:25', 448, 'Male', 'False'),
(769, 1, 67, '04:19:40', 2317, 'Male', 'False'),
(770, 2, 39, '02:55:54', 2549, 'Male', 'False'),
(771, 3, 15, '04:35:58', 4927, 'Male', 'False'),
(772, 4, 77, '04:50:32', 1844, 'Male', 'False'),
(773, 5, 67, '03:06:48', 4758, 'Male', 'False'),
(774, 6, 83, '04:26:04', 316, 'Female', 'False'),
(775, 7, 57, '05:44:27', 2618, 'Female', 'False'),
(776, 8, 51, '02:38:39', 4666, 'Male', 'False'),
(777, 9, 80, '05:58:47', 3857, 'Female', 'False'),
(778, 10, 6, '02:11:54', 4591, 'Female', 'True'),
(779, 11, 34, '05:55:31', 3054, 'Female', 'False'),
(780, 12, 77, '03:56:13', 4659, 'Male', 'False'),
(781, 1, 5, '04:35:58', 539, 'Female', 'False'),
(782, 2, 30, '02:11:54', 1328, 'Female', 'True'),
(783, 3, 69, '02:21:17', 1655, 'Female', 'False'),
(784, 4, 41, '05:15:10', 2612, 'Male', 'False'),
(785, 5, 99, '05:24:42', 559, 'Male', 'False'),
(786, 6, 31, '05:23:04', 986, 'Female', 'False'),
(787, 7, 18, '04:21:40', 2239, 'Male', 'False'),
(788, 8, 1, '02:56:10', 3297, 'Female', 'False'),
(789, 9, 95, '04:44:08', 1358, 'Female', 'False'),
(790, 10, 53, '03:07:43', 3660, 'Female', 'False'),
(791, 11, 75, '04:24:38', 3362, 'Female', 'False'),
(792, 12, 64, '04:13:19', 1922, 'Female', 'False'),
(793, 1, 98, '02:48:18', 3004, 'Female', 'False'),
(794, 2, 87, '02:14:31', 1289, 'Female', 'True'),
(795, 3, 54, '04:30:54', 3195, 'Male', 'False'),
(796, 4, 64, '05:14:55', 2368, 'Female', 'False'),
(797, 5, 10, '03:56:18', 185, 'Female', 'False'),
(798, 6, 66, '03:49:47', 238, 'Male', 'False'),
(799, 7, 68, '05:42:55', 3972, 'Male', 'False'),
(800, 8, 9, '02:37:04', 4598, 'Male', 'False'),
(801, 9, 12, '04:00:18', 3801, 'Male', 'False'),
(802, 10, 29, '04:31:09', 1963, 'Female', 'False'),
(803, 11, 83, '03:07:45', 2411, 'Female', 'False'),
(804, 12, 94, '02:24:14', 716, 'Male', 'False'),
(805, 1, 95, '03:05:42', 1183, 'Female', 'False'),
(806, 2, 55, '03:43:55', 303, 'Female', 'False'),
(807, 3, 8, '02:56:45', 1456, 'Female', 'False'),
(808, 4, 93, '02:25:50', 3860, 'Female', 'False'),
(809, 5, 80, '04:11:10', 3912, 'Female', 'False'),
(810, 6, 35, '04:53:00', 4913, 'Male', 'False'),
(811, 7, 36, '03:26:53', 3473, 'Female', 'False'),
(812, 8, 96, '04:08:55', 4005, 'Male', 'False'),
(813, 9, 30, '03:17:39', 3668, 'Female', 'False'),
(814, 10, 25, '05:24:03', 449, 'Female', 'False'),
(815, 11, 76, '04:39:26', 3430, 'Male', 'False'),
(816, 12, 86, '02:17:39', 3170, 'Male', 'False'),
(817, 1, 48, '03:51:27', 671, 'Male', 'False'),
(818, 2, 43, '05:17:18', 375, 'Male', 'False'),
(819, 3, 28, '05:38:20', 2592, 'Male', 'False'),
(820, 4, 11, '02:35:24', 1043, 'Male', 'False'),
(821, 5, 3, '04:44:26', 3567, 'Male', 'False'),
(822, 6, 41, '03:20:43', 2, 'Male', 'False'),
(823, 7, 13, '05:07:19', 550, 'Female', 'False'),
(824, 8, 90, '05:45:52', 3212, 'Female', 'False'),
(825, 9, 14, '02:26:19', 3679, 'Male', 'False'),
(826, 10, 19, '04:46:20', 1140, 'Female', 'False'),
(827, 11, 21, '03:44:54', 1027, 'Male', 'False'),
(828, 12, 8, '03:58:48', 4829, 'Female', 'False'),
(829, 1, 52, '03:15:43', 2523, 'Male', 'False'),
(830, 2, 20, '02:11:54', 53, 'Female', 'True'),
(831, 3, 80, '03:58:45', 2424, 'Female', 'False'),
(832, 4, 18, '03:24:57', 1736, 'Male', 'False'),
(833, 5, 88, '04:04:29', 900, 'Female', 'False'),
(834, 6, 95, '04:33:56', 4863, 'Female', 'False'),
(835, 7, 70, '02:22:58', 3858, 'Male', 'False'),
(836, 8, 29, '04:36:52', 1395, 'Female', 'False'),
(837, 9, 88, '03:45:28', 1592, 'Female', 'False'),
(838, 10, 42, '02:12:48', 4066, 'Male', 'False'),
(839, 11, 37, '05:23:58', 3970, 'Female', 'False'),
(840, 12, 56, '04:27:12', 904, 'Male', 'False'),
(841, 1, 65, '05:46:17', 2979, 'Female', 'False'),
(842, 2, 10, '02:11:54', 3191, 'Female', 'True'),
(843, 3, 59, '03:25:59', 4444, 'Male', 'False'),
(844, 4, 49, '03:25:01', 1839, 'Female', 'False'),
(845, 5, 36, '04:23:30', 3564, 'Female', 'False'),
(846, 6, 73, '05:43:38', 1822, 'Female', 'False'),
(847, 7, 88, '02:23:27', 3201, 'Female', 'False'),
(848, 8, 26, '04:34:59', 3485, 'Female', 'False'),
(849, 9, 74, '04:26:45', 3191, 'Male', 'False'),
(850, 10, 2, '04:30:32', 3512, 'Male', 'False'),
(851, 11, 56, '05:44:52', 1462, 'Male', 'False'),
(852, 12, 74, '03:32:22', 2640, 'Male', 'False'),
(853, 1, 30, '03:14:05', 2621, 'Female', 'False'),
(854, 2, 11, '03:37:30', 199, 'Male', 'False'),
(855, 3, 94, '02:01:58', 2928, 'Male', 'True'),
(856, 4, 52, '03:21:32', 4521, 'Male', 'False'),
(857, 5, 15, '03:28:50', 2745, 'Male', 'False'),
(858, 6, 98, '02:37:56', 1274, 'Female', 'False'),
(859, 7, 11, '02:02:40', 3851, 'Male', 'True'),
(860, 8, 52, '04:41:58', 1262, 'Male', 'False'),
(861, 9, 35, '03:29:09', 3944, 'Male', 'False'),
(862, 10, 59, '03:45:06', 244, 'Male', 'False'),
(863, 11, 1, '04:41:35', 653, 'Female', 'False'),
(864, 12, 5, '02:35:46', 1109, 'Female', 'False'),
(865, 1, 75, '05:24:52', 474, 'Female', 'False'),
(866, 2, 50, '03:11:36', 1065, 'Female', 'False'),
(867, 3, 10, '04:33:39', 4624, 'Female', 'False'),
(868, 4, 65, '02:54:13', 3103, 'Female', 'False'),
(869, 5, 70, '03:58:23', 478, 'Male', 'False'),
(870, 6, 90, '03:49:28', 2099, 'Female', 'False'),
(871, 7, 62, '02:26:33', 4523, 'Male', 'False'),
(872, 8, 18, '03:44:17', 4291, 'Male', 'False'),
(873, 9, 31, '03:56:50', 1547, 'Female', 'False'),
(874, 10, 66, '04:03:38', 4436, 'Male', 'False'),
(875, 11, 43, '04:12:29', 1964, 'Male', 'False'),
(876, 12, 46, '02:39:10', 1031, 'Male', 'False'),
(877, 1, 44, '04:20:35', 434, 'Female', 'False'),
(878, 2, 23, '03:04:19', 123, 'Male', 'False'),
(879, 3, 6, '04:17:51', 1382, 'Female', 'False'),
(880, 4, 28, '05:35:45', 4927, 'Male', 'False'),
(881, 5, 60, '05:17:02', 388, 'Male', 'False'),
(882, 6, 3, '02:33:27', 969, 'Male', 'False'),
(883, 7, 8, '05:37:47', 2882, 'Female', 'False'),
(884, 8, 77, '03:06:37', 357, 'Male', 'False'),
(885, 9, 6, '05:13:26', 1300, 'Female', 'False'),
(886, 10, 68, '03:01:46', 4204, 'Male', 'False'),
(887, 11, 3, '03:08:17', 4717, 'Male', 'False'),
(888, 12, 88, '05:57:41', 1977, 'Female', 'False'),
(889, 1, 20, '03:33:06', 4998, 'Female', 'False'),
(890, 2, 49, '05:22:14', 2533, 'Female', 'False'),
(891, 3, 55, '05:30:34', 2198, 'Female', 'False'),
(892, 4, 97, '03:26:33', 849, 'Male', 'False'),
(893, 5, 39, '02:08:34', 2181, 'Male', 'True'),
(894, 6, 9, '03:30:38', 4598, 'Male', 'False'),
(895, 7, 87, '02:11:54', 1058, 'Female', 'True'),
(896, 8, 69, '05:55:02', 2277, 'Female', 'False'),
(897, 9, 43, '05:09:10', 3786, 'Male', 'False'),
(898, 10, 38, '04:18:39', 4482, 'Male', 'False'),
(899, 11, 22, '05:33:57', 3240, 'Female', 'False'),
(900, 12, 20, '03:51:31', 649, 'Female', 'False'),
(901, 1, 59, '03:18:36', 3922, 'Male', 'False'),
(902, 2, 98, '04:19:24', 4350, 'Female', 'False'),
(903, 3, 76, '02:54:28', 1197, 'Male', 'False'),
(904, 4, 98, '03:34:49', 583, 'Female', 'False'),
(905, 5, 34, '04:48:02', 4269, 'Female', 'False'),
(906, 6, 1, '03:53:32', 936, 'Female', 'False'),
(907, 7, 22, '04:48:16', 3729, 'Female', 'False'),
(908, 8, 11, '02:54:19', 3141, 'Male', 'False'),
(909, 9, 71, '02:53:49', 3523, 'Female', 'False'),
(910, 10, 91, '04:54:26', 1324, 'Male', 'False'),
(911, 11, 72, '02:30:49', 4590, 'Female', 'False'),
(912, 12, 16, '04:15:07', 3847, 'Male', 'False'),
(913, 1, 76, '02:27:43', 4559, 'Male', 'False'),
(914, 2, 41, '02:07:58', 3919, 'Male', 'True'),
(915, 3, 100, '04:10:13', 4213, 'Female', 'False'),
(916, 4, 45, '03:09:28', 4733, 'Male', 'False'),
(917, 5, 91, '02:43:27', 3203, 'Male', 'False'),
(918, 6, 58, '05:34:36', 602, 'Male', 'False'),
(919, 7, 63, '04:02:09', 637, 'Male', 'False'),
(920, 8, 3, '02:47:07', 3971, 'Male', 'False'),
(921, 9, 8, '05:19:54', 3872, 'Female', 'False'),
(922, 10, 74, '04:52:17', 4788, 'Male', 'False'),
(923, 11, 97, '05:16:52', 4640, 'Male', 'False'),
(924, 12, 41, '02:19:07', 4025, 'Male', 'False'),
(925, 1, 32, '05:42:08', 3450, 'Male', 'False'),
(926, 2, 99, '03:38:23', 3381, 'Male', 'False'),
(927, 3, 70, '03:35:48', 1294, 'Male', 'False'),
(928, 4, 4, '02:55:53', 3305, 'Female', 'False'),
(929, 5, 23, '03:57:37', 3357, 'Male', 'False'),
(930, 6, 91, '05:49:03', 4117, 'Male', 'False'),
(931, 7, 54, '03:54:37', 4995, 'Male', 'False'),
(932, 8, 55, '03:29:08', 2949, 'Female', 'False'),
(933, 9, 39, '04:05:50', 1206, 'Male', 'False'),
(934, 10, 1, '02:21:50', 3079, 'Female', 'False'),
(935, 11, 59, '02:07:08', 3873, 'Male', 'True'),
(936, 12, 42, '03:18:02', 708, 'Male', 'False'),
(937, 1, 28, '04:32:36', 1670, 'Male', 'False'),
(938, 2, 35, '03:43:40', 4517, 'Male', 'False'),
(939, 3, 42, '04:56:16', 688, 'Male', 'False'),
(940, 4, 79, '04:31:45', 2095, 'Male', 'False'),
(941, 5, 51, '02:35:28', 4902, 'Male', 'False'),
(942, 6, 19, '05:28:33', 2794, 'Female', 'False'),
(943, 7, 67, '03:37:29', 1324, 'Male', 'False'),
(944, 8, 8, '02:54:50', 1089, 'Female', 'False'),
(945, 9, 64, '02:15:49', 3753, 'Female', 'True'),
(946, 10, 12, '05:38:57', 4120, 'Male', 'False'),
(947, 11, 61, '03:07:52', 811, 'Female', 'False'),
(948, 12, 48, '02:23:28', 3226, 'Male', 'False'),
(949, 1, 39, '03:41:08', 3253, 'Male', 'False'),
(950, 2, 90, '04:54:27', 1492, 'Female', 'False'),
(951, 3, 45, '03:46:40', 3308, 'Male', 'False'),
(952, 4, 17, '04:40:32', 4092, 'Female', 'False'),
(953, 5, 33, '03:34:26', 2755, 'Female', 'False'),
(954, 6, 34, '02:17:07', 2782, 'Female', 'True'),
(955, 7, 59, '05:59:04', 3556, 'Male', 'False'),
(956, 8, 30, '03:05:10', 256, 'Female', 'False'),
(957, 9, 85, '04:12:51', 765, 'Female', 'False'),
(958, 10, 15, '03:34:35', 609, 'Male', 'False'),
(959, 11, 36, '05:07:18', 3132, 'Female', 'False'),
(960, 12, 82, '04:35:02', 4374, 'Female', 'False'),
(961, 1, 61, '02:26:14', 2062, 'Female', 'False'),
(962, 2, 86, '04:47:47', 4382, 'Male', 'False'),
(963, 3, 65, '05:09:11', 4419, 'Female', 'False'),
(964, 4, 100, '05:51:55', 2967, 'Female', 'False'),
(965, 5, 29, '05:53:51', 3182, 'Female', 'False'),
(966, 6, 30, '04:27:20', 1196, 'Female', 'False'),
(967, 7, 9, '02:24:15', 4194, 'Male', 'False'),
(968, 8, 65, '05:05:48', 921, 'Female', 'False'),
(969, 9, 29, '02:49:00', 3293, 'Female', 'False'),
(970, 10, 8, '03:48:57', 4879, 'Female', 'False'),
(971, 11, 67, '04:45:50', 567, 'Male', 'False'),
(972, 12, 50, '02:56:36', 2383, 'Female', 'False'),
(973, 1, 8, '04:01:06', 2401, 'Female', 'False'),
(974, 2, 48, '05:51:52', 4904, 'Male', 'False'),
(975, 3, 22, '04:06:41', 888, 'Female', 'False'),
(976, 4, 61, '04:18:24', 3309, 'Female', 'False'),
(977, 5, 85, '04:14:16', 3088, 'Female', 'False'),
(978, 6, 21, '03:56:10', 2998, 'Male', 'False'),
(979, 7, 76, '04:07:34', 703, 'Male', 'False'),
(980, 8, 73, '04:57:03', 464, 'Female', 'False'),
(981, 9, 83, '04:12:48', 999, 'Female', 'False'),
(982, 10, 24, '02:17:13', 576, 'Female', 'True'),
(983, 11, 9, '02:16:29', 4406, 'Male', 'False'),
(984, 12, 44, '05:48:45', 343, 'Female', 'False'),
(985, 1, 23, '05:22:57', 1865, 'Male', 'False'),
(986, 2, 81, '02:22:38', 514, 'Male', 'False'),
(987, 3, 32, '02:26:47', 2562, 'Male', 'False'),
(988, 4, 94, '02:12:10', 986, 'Male', 'False'),
(989, 5, 66, '02:00:51', 4831, 'Male', 'True'),
(990, 6, 56, '03:47:50', 4716, 'Male', 'False'),
(991, 7, 25, '02:11:54', 75, 'Female', 'True'),
(992, 8, 4, '04:37:22', 4117, 'Female', 'False'),
(993, 9, 10, '02:11:54', 3565, 'Female', 'True'),
(994, 10, 18, '05:08:15', 3302, 'Male', 'False'),
(995, 11, 10, '03:06:44', 208, 'Female', 'False'),
(996, 12, 54, '05:41:10', 3105, 'Male', 'False'),
(997, 1, 38, '05:26:08', 391, 'Male', 'False'),
(998, 2, 36, '03:30:23', 3398, 'Female', 'False'),
(999, 3, 93, '02:53:10', 4950, 'Female', 'False'),
(1000, 4, 78, '03:48:31', 452, 'Male', 'False'),
(1001, 5, 69, '04:41:05', 3105, 'Female', 'False'),
(1002, 6, 29, '05:03:49', 3180, 'Female', 'False'),
(1003, 7, 77, '03:17:44', 1510, 'Male', 'False'),
(1004, 8, 72, '05:24:42', 306, 'Female', 'False'),
(1005, 9, 13, '02:44:30', 2775, 'Female', 'False'),
(1006, 10, 72, '02:17:27', 2045, 'Female', 'True'),
(1007, 11, 86, '02:50:26', 755, 'Male', 'False'),
(1008, 12, 13, '05:00:41', 1014, 'Female', 'False'),
(1009, 1, 87, '02:11:54', 1039, 'Female', 'True'),
(1010, 2, 29, '02:45:04', 198, 'Female', 'False'),
(1011, 3, 5, '03:23:24', 128, 'Female', 'False'),
(1012, 4, 75, '05:33:31', 241, 'Female', 'False'),
(1013, 5, 30, '03:45:44', 3484, 'Female', 'False'),
(1014, 6, 53, '05:03:53', 1587, 'Female', 'False'),
(1015, 7, 74, '04:50:26', 1586, 'Male', 'False'),
(1016, 8, 81, '02:46:54', 3077, 'Male', 'False'),
(1017, 9, 73, '02:17:28', 2154, 'Female', 'True'),
(1018, 10, 69, '02:34:14', 3547, 'Female', 'False'),
(1019, 11, 12, '02:13:58', 4785, 'Male', 'False'),
(1020, 12, 72, '03:26:35', 1863, 'Female', 'False'),
(1021, 1, 96, '03:07:44', 3656, 'Male', 'False'),
(1022, 2, 73, '02:29:50', 1400, 'Female', 'False'),
(1023, 3, 85, '05:49:34', 3804, 'Female', 'False'),
(1024, 4, 96, '03:43:56', 179, 'Male', 'False'),
(1025, 5, 14, '04:52:23', 2151, 'Male', 'False'),
(1026, 6, 50, '04:30:13', 2575, 'Female', 'False'),
(1027, 7, 30, '03:48:57', 2372, 'Female', 'False'),
(1028, 8, 87, '03:29:22', 1807, 'Female', 'False'),
(1029, 9, 48, '03:42:34', 2595, 'Male', 'False'),
(1030, 10, 96, '03:45:13', 889, 'Male', 'False'),
(1031, 11, 27, '05:49:14', 4029, 'Male', 'False'),
(1032, 12, 60, '04:39:51', 2581, 'Male', 'False'),
(1033, 1, 70, '03:58:16', 4573, 'Male', 'False'),
(1034, 2, 96, '02:46:02', 362, 'Male', 'False'),
(1035, 3, 96, '03:05:49', 2240, 'Male', 'False'),
(1036, 4, 92, '02:35:02', 4614, 'Female', 'False'),
(1037, 5, 25, '04:46:54', 3531, 'Female', 'False'),
(1038, 6, 20, '03:48:20', 1158, 'Female', 'False'),
(1039, 7, 24, '04:56:42', 2560, 'Female', 'False'),
(1040, 8, 78, '04:47:27', 85, 'Male', 'False'),
(1041, 9, 20, '05:37:04', 1722, 'Female', 'False'),
(1042, 10, 33, '04:50:52', 3297, 'Female', 'False'),
(1043, 11, 94, '02:13:07', 4883, 'Male', 'False'),
(1044, 12, 47, '02:19:52', 1355, 'Male', 'False'),
(1045, 1, 27, '02:06:18', 1584, 'Male', 'True'),
(1046, 2, 79, '03:52:03', 3340, 'Male', 'False'),
(1047, 3, 14, '03:22:46', 4091, 'Male', 'False'),
(1048, 4, 32, '04:25:06', 2325, 'Male', 'False'),
(1049, 5, 81, '03:30:23', 3482, 'Male', 'False'),
(1050, 6, 44, '02:40:04', 4791, 'Female', 'False'),
(1051, 7, 79, '03:29:32', 4322, 'Male', 'False'),
(1052, 8, 48, '03:17:58', 3213, 'Male', 'False'),
(1053, 9, 87, '02:11:54', 4606, 'Female', 'True'),
(1054, 10, 84, '02:17:22', 1057, 'Female', 'True'),
(1055, 11, 31, '02:54:40', 4337, 'Female', 'False'),
(1056, 12, 55, '04:58:12', 168, 'Female', 'False'),
(1057, 1, 13, '02:40:47', 2841, 'Female', 'False'),
(1058, 2, 42, '05:40:14', 2615, 'Male', 'False'),
(1059, 3, 16, '02:47:18', 2104, 'Male', 'False'),
(1060, 4, 85, '04:43:50', 289, 'Female', 'False'),
(1061, 5, 64, '02:11:54', 4397, 'Female', 'True'),
(1062, 6, 81, '05:02:08', 2942, 'Male', 'False'),
(1063, 7, 81, '03:09:43', 2669, 'Male', 'False'),
(1064, 8, 42, '04:18:29', 2145, 'Male', 'False'),
(1065, 9, 58, '02:12:57', 1785, 'Male', 'False'),
(1066, 10, 56, '02:36:28', 1396, 'Male', 'False'),
(1067, 11, 35, '05:26:27', 1567, 'Male', 'False'),
(1068, 12, 62, '05:31:23', 1637, 'Male', 'False'),
(1069, 1, 72, '03:12:11', 4825, 'Female', 'False'),
(1070, 2, 67, '04:46:59', 3206, 'Male', 'False'),
(1071, 3, 95, '03:34:39', 4650, 'Female', 'False'),
(1072, 4, 6, '05:02:30', 3297, 'Female', 'False'),
(1073, 5, 82, '03:35:35', 3383, 'Female', 'False'),
(1074, 6, 18, '02:04:10', 2868, 'Male', 'True'),
(1075, 7, 66, '02:50:19', 516, 'Male', 'False'),
(1076, 8, 15, '03:40:42', 738, 'Male', 'False'),
(1077, 9, 27, '04:26:31', 634, 'Male', 'False'),
(1078, 10, 4, '02:23:47', 413, 'Female', 'False'),
(1079, 11, 13, '05:20:45', 163, 'Female', 'False'),
(1080, 12, 40, '04:36:31', 2088, 'Male', 'False'),
(1081, 1, 68, '05:03:57', 3703, 'Male', 'False'),
(1082, 2, 24, '04:13:52', 3310, 'Female', 'False'),
(1083, 3, 88, '03:48:02', 3285, 'Female', 'False'),
(1084, 4, 23, '04:32:07', 1405, 'Male', 'False'),
(1085, 5, 28, '05:30:00', 1284, 'Male', 'False'),
(1086, 6, 24, '05:36:17', 116, 'Female', 'False'),
(1087, 7, 46, '04:19:12', 2575, 'Male', 'False'),
(1088, 8, 28, '03:41:50', 515, 'Male', 'False'),
(1089, 9, 5, '05:07:15', 4068, 'Female', 'False'),
(1090, 10, 7, '03:32:56', 2522, 'Male', 'False'),
(1091, 11, 38, '05:53:46', 472, 'Male', 'False'),
(1092, 12, 90, '02:56:21', 2679, 'Female', 'False'),
(1093, 1, 100, '04:55:24', 3300, 'Female', 'False'),
(1094, 2, 18, '04:23:44', 3512, 'Male', 'False'),
(1095, 3, 41, '04:29:55', 3416, 'Male', 'False'),
(1096, 4, 67, '03:44:03', 4722, 'Male', 'False'),
(1097, 5, 61, '04:00:31', 4185, 'Female', 'False'),
(1098, 6, 57, '04:06:48', 4322, 'Female', 'False'),
(1099, 7, 64, '05:08:21', 1777, 'Female', 'False'),
(1100, 8, 95, '03:01:24', 3080, 'Female', 'False'),
(1101, 9, 72, '02:11:54', 3939, 'Female', 'True'),
(1102, 10, 28, '02:56:22', 640, 'Male', 'False'),
(1103, 11, 63, '02:18:59', 1604, 'Male', 'False'),
(1104, 12, 2, '02:31:37', 2278, 'Male', 'False'),
(1105, 1, 1, '02:22:41', 1904, 'Female', 'False'),
(1106, 2, 68, '03:53:24', 2515, 'Male', 'False'),
(1107, 3, 39, '05:08:50', 1263, 'Male', 'False'),
(1108, 4, 66, '02:33:35', 3987, 'Male', 'False'),
(1109, 5, 68, '02:11:58', 861, 'Male', 'False'),
(1110, 6, 74, '02:34:33', 3084, 'Male', 'False'),
(1111, 7, 26, '03:15:30', 2198, 'Female', 'False'),
(1112, 8, 66, '02:20:57', 24, 'Male', 'False'),
(1113, 9, 86, '05:12:15', 1885, 'Male', 'False'),
(1114, 10, 51, '05:25:36', 4172, 'Male', 'False'),
(1115, 11, 30, '04:11:24', 4313, 'Female', 'False'),
(1116, 12, 15, '03:15:32', 3410, 'Male', 'False'),
(1117, 1, 10, '05:01:59', 3399, 'Female', 'False'),
(1118, 2, 97, '04:02:33', 1125, 'Male', 'False'),
(1119, 3, 49, '02:29:53', 2773, 'Female', 'False'),
(1120, 4, 22, '02:29:58', 1164, 'Female', 'False'),
(1121, 5, 43, '02:28:07', 1321, 'Male', 'False'),
(1122, 6, 92, '03:52:14', 559, 'Female', 'False'),
(1123, 7, 15, '02:16:28', 670, 'Male', 'False'),
(1124, 8, 31, '05:54:08', 608, 'Female', 'False'),
(1125, 9, 98, '05:01:40', 847, 'Female', 'False'),
(1126, 10, 21, '02:35:39', 715, 'Male', 'False'),
(1127, 11, 17, '03:13:03', 4923, 'Female', 'False'),
(1128, 12, 71, '03:18:55', 2783, 'Female', 'False'),
(1129, 1, 7, '03:48:09', 2284, 'Male', 'False'),
(1130, 2, 76, '04:43:12', 2662, 'Male', 'False'),
(1131, 3, 23, '02:35:46', 1117, 'Male', 'False'),
(1132, 4, 14, '02:09:27', 1270, 'Male', 'False'),
(1133, 5, 12, '04:40:24', 4597, 'Male', 'False'),
(1134, 6, 17, '03:27:04', 131, 'Female', 'False'),
(1135, 7, 52, '04:25:41', 3865, 'Male', 'False'),
(1136, 8, 10, '03:57:14', 2492, 'Female', 'False'),
(1137, 9, 11, '05:12:04', 4189, 'Male', 'False'),
(1138, 10, 47, '03:28:26', 2989, 'Male', 'False'),
(1139, 11, 80, '05:36:36', 3577, 'Female', 'False'),
(1140, 12, 3, '05:02:06', 482, 'Male', 'False'),
(1141, 1, 88, '02:33:10', 1367, 'Female', 'False'),
(1142, 2, 70, '04:06:12', 2544, 'Male', 'False'),
(1143, 3, 64, '03:30:18', 2954, 'Female', 'False'),
(1144, 4, 58, '05:04:19', 3437, 'Male', 'False'),
(1145, 5, 17, '03:08:25', 265, 'Female', 'False'),
(1146, 6, 49, '04:21:57', 2517, 'Female', 'False'),
(1147, 7, 69, '05:52:56', 1242, 'Female', 'False'),
(1148, 8, 20, '02:18:54', 2289, 'Female', 'False'),
(1149, 9, 21, '04:09:40', 2737, 'Male', 'False'),
(1150, 10, 48, '02:20:58', 2248, 'Male', 'False'),
(1151, 11, 24, '05:42:31', 4691, 'Female', 'False'),
(1152, 12, 99, '02:40:01', 4432, 'Male', 'False'),
(1153, 1, 22, '02:43:32', 1857, 'Female', 'False'),
(1154, 2, 31, '03:14:46', 2737, 'Female', 'False');
INSERT INTO Sponsors (sponsor_id, sponsor_name) VALUES
(1, 'Nike'),
(2, 'Adidas'),
(3, 'Asics'),
(4, 'Saucony'),
(5, 'Hoka'),
(6, 'Brooks'),
(7, 'New Balance'),
(8, 'Puma'),
(9, 'Under Armour'),
(10, 'Tracksmith');
INSERT INTO Training_Plans (id, runner_id, start_date, end_date, plan_id) VALUES
(1, 45, '2012-01-23', '2012-04-16', 2),
(2, 36, '2012-01-09', '2012-04-16', 6),
(3, 68, '2011-11-28', '2012-04-16', 5),
(4, 86, '2011-12-26', '2012-04-16', 1),
(5, 77, '2011-11-28', '2012-04-16', 5),
(6, 33, '2012-02-06', '2012-04-16', 7),
(7, 30, '2011-12-26', '2012-04-16', 1),
(8, 94, '2012-01-23', '2012-04-16', 2),
(9, 21, '2012-02-06', '2012-04-16', 7),
(10, 61, '2011-12-26', '2012-04-16', 10),
(11, 15, '2012-01-23', '2012-04-16', 2),
(12, 62, '2012-01-23', '2012-04-16', 8),
(13, 50, '2011-12-26', '2012-04-16', 10),
(14, 65, '2012-01-23', '2012-04-16', 8),
(15, 71, '2012-01-23', '2012-04-16', 2),
(16, 85, '2012-01-09', '2012-04-16', 6),
(17, 46, '2011-11-28', '2012-04-16', 5),
(18, 56, '2011-12-12', '2012-04-16', 3),
(19, 44, '2011-12-26', '2012-04-16', 1),
(20, 95, '2011-11-28', '2012-04-16', 5),
(21, 66, '2011-12-26', '2012-04-16', 10),
(22, 78, '2011-10-31', '2012-04-16', 4),
(23, 41, '2011-10-31', '2012-04-16', 4),
(24, 57, '2011-10-31', '2012-04-16', 4),
(25, 17, '2011-12-26', '2012-04-16', 10),
(26, 72, '2012-02-06', '2012-04-16', 7),
(27, 97, '2012-01-23', '2012-04-16', 8),
(28, 29, '2011-12-26', '2012-04-16', 1),
(29, 35, '2012-02-06', '2012-04-16', 7),
(30, 11, '2011-12-12', '2012-04-16', 3),
(31, 58, '2012-01-09', '2012-04-16', 6),
(32, 25, '2012-01-23', '2012-04-16', 8),
(33, 18, '2011-12-26', '2012-04-16', 10),
(34, 47, '2011-12-26', '2012-04-16', 10),
(35, 4, '2011-10-31', '2012-04-16', 4),
(36, 3, '2011-12-12', '2012-04-16', 3),
(37, 1, '2011-11-28', '2012-04-16', 5),
(38, 88, '2011-11-14', '2012-04-16', 9),
(39, 69, '2011-10-31', '2012-04-16', 4),
(40, 99, '2012-01-09', '2012-04-16', 6),
(41, 40, '2012-02-06', '2012-04-16', 7),
(42, 16, '2011-11-14', '2012-04-16', 9),
(43, 80, '2012-01-23', '2012-04-16', 8),
(44, 75, '2011-11-14', '2012-04-16', 9),
(45, 39, '2012-01-09', '2012-04-16', 6),
(46, 83, '2012-01-23', '2012-04-16', 8),
(47, 51, '2012-01-23', '2012-04-16', 2),
(48, 73, '2012-01-23', '2012-04-16', 8),
(49, 89, '2011-11-14', '2012-04-16', 9),
(50, 82, '2011-11-14', '2012-04-16', 9),
(51, 8, '2011-11-14', '2012-04-16', 9),
(52, 24, '2011-12-26', '2012-04-16', 1),
(53, 13, '2011-10-31', '2012-04-16', 4),
(54, 32, '2012-01-23', '2012-04-16', 2),
(55, 59, '2011-10-31', '2012-04-16', 4),
(56, 5, '2011-11-14', '2012-04-16', 9),
(57, 52, '2011-12-26', '2012-04-16', 1),
(58, 12, '2012-01-23', '2012-04-16', 2),
(59, 79, '2011-12-26', '2012-04-16', 1),
(60, 92, '2011-10-31', '2012-04-16', 4),
(61, 45, '2013-02-04', '2013-04-15', 7),
(62, 36, '2013-01-07', '2013-04-15', 6),
(63, 68, '2013-01-21', '2013-04-15', 8),
(64, 86, '2013-01-07', '2013-04-15', 6),
(65, 77, '2013-01-21', '2013-04-15', 2),
(66, 33, '2012-10-29', '2013-04-15', 4),
(67, 30, '2012-11-12', '2013-04-15', 9),
(68, 94, '2013-02-04', '2013-04-15', 7),
(69, 21, '2013-01-21', '2013-04-15', 2),
(70, 61, '2013-01-21', '2013-04-15', 8),
(71, 15, '2012-11-26', '2013-04-15', 5),
(72, 62, '2012-11-12', '2013-04-15', 9),
(73, 50, '2012-12-10', '2013-04-15', 3),
(74, 65, '2012-12-24', '2013-04-15', 10),
(75, 71, '2012-12-10', '2013-04-15', 3),
(76, 85, '2013-01-21', '2013-04-15', 2),
(77, 46, '2012-12-10', '2013-04-15', 3),
(78, 56, '2012-11-26', '2013-04-15', 5),
(79, 44, '2012-12-10', '2013-04-15', 3),
(80, 95, '2013-02-04', '2013-04-15', 7),
(81, 66, '2013-01-21', '2013-04-15', 2),
(82, 78, '2012-12-10', '2013-04-15', 3),
(83, 41, '2013-02-04', '2013-04-15', 7),
(84, 57, '2012-12-24', '2013-04-15', 1),
(85, 17, '2013-01-07', '2013-04-15', 6),
(86, 72, '2012-12-24', '2013-04-15', 1),
(87, 97, '2013-02-04', '2013-04-15', 7),
(88, 29, '2013-01-21', '2013-04-15', 2),
(89, 35, '2013-02-04', '2013-04-15', 7),
(90, 11, '2012-11-26', '2013-04-15', 5),
(91, 58, '2012-12-24', '2013-04-15', 10),
(92, 25, '2012-12-24', '2013-04-15', 10),
(93, 18, '2012-11-26', '2013-04-15', 5),
(94, 47, '2012-11-12', '2013-04-15', 9),
(95, 4, '2012-11-26', '2013-04-15', 5),
(96, 3, '2012-12-24', '2013-04-15', 1),
(97, 1, '2012-11-26', '2013-04-15', 5),
(98, 88, '2012-11-12', '2013-04-15', 9),
(99, 69, '2012-11-26', '2013-04-15', 5),
(100, 99, '2012-12-10', '2013-04-15', 3),
(101, 40, '2012-12-24', '2013-04-15', 10),
(102, 16, '2013-01-07', '2013-04-15', 6),
(103, 80, '2012-10-29', '2013-04-15', 4),
(104, 75, '2012-11-12', '2013-04-15', 9),
(105, 39, '2012-11-26', '2013-04-15', 5),
(106, 83, '2012-12-24', '2013-04-15', 10),
(107, 51, '2012-12-24', '2013-04-15', 10),
(108, 73, '2012-12-24', '2013-04-15', 1),
(109, 89, '2012-11-12', '2013-04-15', 9),
(110, 82, '2012-12-24', '2013-04-15', 1),
(111, 8, '2012-12-24', '2013-04-15', 1),
(112, 24, '2013-01-07', '2013-04-15', 6),
(113, 13, '2012-12-10', '2013-04-15', 3),
(114, 32, '2012-12-24', '2013-04-15', 1),
(115, 59, '2012-12-10', '2013-04-15', 3),
(116, 5, '2013-01-07', '2013-04-15', 6),
(117, 52, '2013-01-07', '2013-04-15', 6),
(118, 12, '2012-10-29', '2013-04-15', 4),
(119, 79, '2012-11-26', '2013-04-15', 5),
(120, 92, '2012-12-10', '2013-04-15', 3),
(121, 45, '2014-01-13', '2014-04-21', 6),
(122, 36, '2014-01-13', '2014-04-21', 6),
(123, 68, '2014-01-27', '2014-04-21', 8),
(124, 86, '2014-02-10', '2014-04-21', 7),
(125, 77, '2014-02-10', '2014-04-21', 7),
(126, 33, '2014-01-27', '2014-04-21', 2),
(127, 30, '2014-01-13', '2014-04-21', 6),
(128, 94, '2013-11-04', '2014-04-21', 4),
(129, 21, '2013-11-18', '2014-04-21', 9),
(130, 61, '2014-01-13', '2014-04-21', 6),
(131, 15, '2014-01-27', '2014-04-21', 2),
(132, 62, '2013-12-16', '2014-04-21', 3),
(133, 50, '2013-12-16', '2014-04-21', 3),
(134, 65, '2013-11-04', '2014-04-21', 4),
(135, 71, '2013-11-04', '2014-04-21', 4),
(136, 85, '2013-11-18', '2014-04-21', 9),
(137, 46, '2014-01-27', '2014-04-21', 2),
(138, 56, '2013-12-02', '2014-04-21', 5),
(139, 44, '2013-12-16', '2014-04-21', 3),
(140, 95, '2013-12-16', '2014-04-21', 3),
(141, 66, '2013-12-02', '2014-04-21', 5),
(142, 78, '2013-12-02', '2014-04-21', 5),
(143, 41, '2013-12-30', '2014-04-21', 1),
(144, 57, '2014-02-10', '2014-04-21', 7),
(145, 17, '2013-12-30', '2014-04-21', 10),
(146, 72, '2013-12-16', '2014-04-21', 3),
(147, 97, '2013-12-02', '2014-04-21', 5),
(148, 29, '2013-12-30', '2014-04-21', 1),
(149, 35, '2013-12-02', '2014-04-21', 5),
(150, 11, '2013-12-02', '2014-04-21', 5),
(151, 58, '2013-12-02', '2014-04-21', 5),
(152, 25, '2013-11-04', '2014-04-21', 4),
(153, 18, '2013-11-04', '2014-04-21', 4),
(154, 47, '2013-12-30', '2014-04-21', 10),
(155, 4, '2014-02-10', '2014-04-21', 7),
(156, 3, '2013-11-04', '2014-04-21', 4),
(157, 1, '2013-11-18', '2014-04-21', 9),
(158, 88, '2014-01-13', '2014-04-21', 6),
(159, 69, '2014-01-27', '2014-04-21', 8),
(160, 99, '2014-01-13', '2014-04-21', 6),
(161, 40, '2014-02-10', '2014-04-21', 7),
(162, 16, '2014-01-13', '2014-04-21', 6),
(163, 80, '2013-12-30', '2014-04-21', 10),
(164, 75, '2014-01-13', '2014-04-21', 6),
(165, 39, '2013-12-30', '2014-04-21', 1),
(166, 83, '2013-12-02', '2014-04-21', 5),
(167, 51, '2014-02-10', '2014-04-21', 7),
(168, 73, '2013-12-02', '2014-04-21', 5),
(169, 89, '2013-11-18', '2014-04-21', 9),
(170, 82, '2013-11-04', '2014-04-21', 4),
(171, 8, '2013-12-16', '2014-04-21', 3),
(172, 24, '2014-01-27', '2014-04-21', 2),
(173, 13, '2014-01-27', '2014-04-21', 8),
(174, 32, '2013-12-02', '2014-04-21', 5),
(175, 59, '2013-12-16', '2014-04-21', 3),
(176, 5, '2013-12-30', '2014-04-21', 1),
(177, 52, '2013-11-18', '2014-04-21', 9),
(178, 12, '2014-01-13', '2014-04-21', 6),
(179, 79, '2014-02-10', '2014-04-21', 7),
(180, 92, '2013-12-02', '2014-04-21', 5),
(181, 45, '2014-12-29', '2015-04-20', 10),
(182, 36, '2014-12-29', '2015-04-20', 1),
(183, 68, '2014-12-29', '2015-04-20', 10),
(184, 86, '2014-12-29', '2015-04-20', 1),
(185, 77, '2014-11-03', '2015-04-20', 4),
(186, 33, '2015-01-26', '2015-04-20', 8),
(187, 30, '2015-01-26', '2015-04-20', 2),
(188, 94, '2015-01-12', '2015-04-20', 6),
(189, 21, '2014-12-01', '2015-04-20', 5),
(190, 61, '2015-01-26', '2015-04-20', 2),
(191, 15, '2015-01-26', '2015-04-20', 2),
(192, 62, '2014-12-29', '2015-04-20', 10),
(193, 50, '2014-12-01', '2015-04-20', 5),
(194, 65, '2014-12-29', '2015-04-20', 1),
(195, 71, '2015-02-09', '2015-04-20', 7),
(196, 85, '2014-11-03', '2015-04-20', 4),
(197, 46, '2015-01-26', '2015-04-20', 2),
(198, 56, '2014-12-01', '2015-04-20', 5),
(199, 44, '2014-12-29', '2015-04-20', 10),
(200, 95, '2014-12-15', '2015-04-20', 3),
(201, 66, '2014-12-29', '2015-04-20', 1),
(202, 78, '2014-11-03', '2015-04-20', 4),
(203, 41, '2014-12-29', '2015-04-20', 1),
(204, 57, '2014-11-17', '2015-04-20', 9),
(205, 17, '2015-01-26', '2015-04-20', 8),
(206, 72, '2014-12-29', '2015-04-20', 10),
(207, 97, '2015-01-26', '2015-04-20', 2),
(208, 29, '2014-12-15', '2015-04-20', 3),
(209, 35, '2014-12-15', '2015-04-20', 3),
(210, 11, '2014-12-29', '2015-04-20', 1),
(211, 58, '2014-11-17', '2015-04-20', 9),
(212, 25, '2014-12-01', '2015-04-20', 5),
(213, 18, '2014-11-03', '2015-04-20', 4),
(214, 47, '2015-02-09', '2015-04-20', 7),
(215, 4, '2015-02-09', '2015-04-20', 7),
(216, 3, '2015-01-26', '2015-04-20', 2),
(217, 1, '2015-01-12', '2015-04-20', 6),
(218, 88, '2014-12-29', '2015-04-20', 10),
(219, 69, '2015-01-12', '2015-04-20', 6),
(220, 99, '2014-12-15', '2015-04-20', 3),
(221, 40, '2015-01-12', '2015-04-20', 6),
(222, 16, '2014-12-01', '2015-04-20', 5),
(223, 80, '2015-01-12', '2015-04-20', 6),
(224, 75, '2015-02-09', '2015-04-20', 7),
(225, 39, '2014-12-29', '2015-04-20', 1),
(226, 83, '2014-12-15', '2015-04-20', 3),
(227, 51, '2015-02-09', '2015-04-20', 7),
(228, 73, '2015-01-26', '2015-04-20', 8),
(229, 89, '2014-12-29', '2015-04-20', 1),
(230, 82, '2014-12-29', '2015-04-20', 1),
(231, 8, '2014-12-01', '2015-04-20', 5),
(232, 24, '2015-02-09', '2015-04-20', 7),
(233, 13, '2014-11-03', '2015-04-20', 4),
(234, 32, '2014-12-29', '2015-04-20', 10),
(235, 59, '2014-12-29', '2015-04-20', 10),
(236, 5, '2015-02-09', '2015-04-20', 7),
(237, 52, '2014-11-17', '2015-04-20', 9),
(238, 12, '2015-02-09', '2015-04-20', 7),
(239, 79, '2015-02-09', '2015-04-20', 7),
(240, 92, '2014-12-29', '2015-04-20', 1),
(241, 45, '2015-12-28', '2016-04-18', 1),
(242, 36, '2015-12-14', '2016-04-18', 3),
(243, 68, '2016-01-25', '2016-04-18', 2),
(244, 86, '2015-12-28', '2016-04-18', 10),
(245, 77, '2016-02-08', '2016-04-18', 7),
(246, 33, '2016-01-25', '2016-04-18', 8),
(247, 30, '2015-12-28', '2016-04-18', 1),
(248, 94, '2015-11-16', '2016-04-18', 9),
(249, 21, '2015-12-14', '2016-04-18', 3),
(250, 61, '2015-12-28', '2016-04-18', 1),
(251, 15, '2016-02-08', '2016-04-18', 7),
(252, 62, '2015-12-28', '2016-04-18', 1),
(253, 50, '2015-11-16', '2016-04-18', 9),
(254, 65, '2015-12-28', '2016-04-18', 1),
(255, 71, '2016-01-25', '2016-04-18', 8),
(256, 85, '2016-01-25', '2016-04-18', 2),
(257, 46, '2015-11-16', '2016-04-18', 9),
(258, 56, '2015-12-28', '2016-04-18', 1),
(259, 44, '2015-12-28', '2016-04-18', 10),
(260, 95, '2015-12-14', '2016-04-18', 3),
(261, 66, '2015-12-28', '2016-04-18', 10),
(262, 78, '2016-01-25', '2016-04-18', 8),
(263, 41, '2015-12-14', '2016-04-18', 3),
(264, 57, '2015-11-02', '2016-04-18', 4),
(265, 17, '2016-01-25', '2016-04-18', 2),
(266, 72, '2015-12-28', '2016-04-18', 10),
(267, 97, '2015-11-30', '2016-04-18', 5),
(268, 29, '2016-01-25', '2016-04-18', 8),
(269, 35, '2015-12-14', '2016-04-18', 3),
(270, 11, '2015-11-30', '2016-04-18', 5),
(271, 58, '2016-01-25', '2016-04-18', 2),
(272, 25, '2015-12-14', '2016-04-18', 3),
(273, 18, '2015-11-30', '2016-04-18', 5),
(274, 47, '2016-01-11', '2016-04-18', 6),
(275, 4, '2015-12-28', '2016-04-18', 1),
(276, 3, '2016-02-08', '2016-04-18', 7),
(277, 1, '2015-11-02', '2016-04-18', 4),
(278, 88, '2016-01-25', '2016-04-18', 2),
(279, 69, '2016-01-25', '2016-04-18', 2),
(280, 99, '2015-12-28', '2016-04-18', 1),
(281, 40, '2015-12-14', '2016-04-18', 3),
(282, 16, '2015-12-14', '2016-04-18', 3),
(283, 80, '2016-02-08', '2016-04-18', 7),
(284, 75, '2016-01-25', '2016-04-18', 2),
(285, 39, '2015-12-14', '2016-04-18', 3),
(286, 83, '2015-12-28', '2016-04-18', 1),
(287, 51, '2015-12-14', '2016-04-18', 3),
(288, 73, '2015-12-28', '2016-04-18', 10),
(289, 89, '2015-11-02', '2016-04-18', 4),
(290, 82, '2016-01-11', '2016-04-18', 6),
(291, 8, '2015-11-16', '2016-04-18', 9),
(292, 24, '2016-01-11', '2016-04-18', 6),
(293, 13, '2016-01-11', '2016-04-18', 6),
(294, 32, '2015-11-16', '2016-04-18', 9),
(295, 59, '2016-01-25', '2016-04-18', 2),
(296, 5, '2015-11-02', '2016-04-18', 4),
(297, 52, '2015-11-16', '2016-04-18', 9),
(298, 12, '2016-01-25', '2016-04-18', 2),
(299, 79, '2015-12-28', '2016-04-18', 10),
(300, 92, '2016-01-11', '2016-04-18', 6),
(301, 45, '2016-12-26', '2017-04-17', 10),
(302, 36, '2017-01-09', '2017-04-17', 6),
(303, 68, '2016-10-31', '2017-04-17', 4),
(304, 86, '2016-10-31', '2017-04-17', 4),
(305, 77, '2017-01-23', '2017-04-17', 2),
(306, 33, '2016-11-14', '2017-04-17', 9),
(307, 30, '2016-10-31', '2017-04-17', 4),
(308, 94, '2017-01-23', '2017-04-17', 8),
(309, 21, '2016-10-31', '2017-04-17', 4),
(310, 61, '2016-11-28', '2017-04-17', 5),
(311, 15, '2017-01-23', '2017-04-17', 2),
(312, 62, '2017-02-06', '2017-04-17', 7),
(313, 50, '2016-11-28', '2017-04-17', 5),
(314, 65, '2017-02-06', '2017-04-17', 7),
(315, 71, '2016-11-28', '2017-04-17', 5),
(316, 85, '2016-12-26', '2017-04-17', 10),
(317, 46, '2016-11-28', '2017-04-17', 5),
(318, 56, '2017-01-23', '2017-04-17', 8),
(319, 44, '2016-11-14', '2017-04-17', 9),
(320, 95, '2017-01-09', '2017-04-17', 6),
(321, 66, '2016-11-28', '2017-04-17', 5),
(322, 78, '2016-10-31', '2017-04-17', 4),
(323, 41, '2017-01-23', '2017-04-17', 8),
(324, 57, '2016-10-31', '2017-04-17', 4),
(325, 17, '2016-12-12', '2017-04-17', 3),
(326, 72, '2017-01-23', '2017-04-17', 8),
(327, 97, '2017-02-06', '2017-04-17', 7),
(328, 29, '2017-01-09', '2017-04-17', 6),
(329, 35, '2016-12-26', '2017-04-17', 1),
(330, 11, '2016-11-14', '2017-04-17', 9),
(331, 58, '2017-01-23', '2017-04-17', 2),
(332, 25, '2017-01-23', '2017-04-17', 2),
(333, 18, '2017-01-09', '2017-04-17', 6),
(334, 47, '2016-11-14', '2017-04-17', 9),
(335, 4, '2017-01-23', '2017-04-17', 8),
(336, 3, '2016-11-28', '2017-04-17', 5),
(337, 1, '2016-11-14', '2017-04-17', 9),
(338, 88, '2016-12-26', '2017-04-17', 10),
(339, 69, '2016-10-31', '2017-04-17', 4),
(340, 99, '2016-12-26', '2017-04-17', 10),
(341, 40, '2016-12-26', '2017-04-17', 1),
(342, 16, '2017-01-23', '2017-04-17', 8),
(343, 80, '2016-10-31', '2017-04-17', 4),
(344, 75, '2016-11-14', '2017-04-17', 9),
(345, 39, '2016-11-14', '2017-04-17', 9),
(346, 83, '2016-11-14', '2017-04-17', 9),
(347, 51, '2017-01-23', '2017-04-17', 2),
(348, 73, '2016-12-26', '2017-04-17', 10),
(349, 89, '2016-11-28', '2017-04-17', 5),
(350, 82, '2016-12-26', '2017-04-17', 10),
(351, 8, '2016-12-26', '2017-04-17', 1),
(352, 24, '2016-12-26', '2017-04-17', 1),
(353, 13, '2017-01-09', '2017-04-17', 6),
(354, 32, '2017-02-06', '2017-04-17', 7),
(355, 59, '2017-02-06', '2017-04-17', 7),
(356, 5, '2016-12-26', '2017-04-17', 1),
(357, 52, '2017-01-09', '2017-04-17', 6),
(358, 12, '2016-12-26', '2017-04-17', 1),
(359, 79, '2017-01-23', '2017-04-17', 8),
(360, 92, '2016-11-28', '2017-04-17', 5),
(361, 45, '2017-11-13', '2018-04-16', 9),
(362, 36, '2018-01-08', '2018-04-16', 6),
(363, 68, '2018-01-22', '2018-04-16', 8),
(364, 86, '2017-10-30', '2018-04-16', 4),
(365, 77, '2017-12-11', '2018-04-16', 3),
(366, 33, '2018-01-08', '2018-04-16', 6),
(367, 30, '2017-11-13', '2018-04-16', 9),
(368, 94, '2017-11-27', '2018-04-16', 5),
(369, 21, '2018-02-05', '2018-04-16', 7),
(370, 61, '2017-12-25', '2018-04-16', 1),
(371, 15, '2017-10-30', '2018-04-16', 4),
(372, 62, '2017-11-27', '2018-04-16', 5),
(373, 50, '2017-12-25', '2018-04-16', 10),
(374, 65, '2018-01-22', '2018-04-16', 2),
(375, 71, '2017-12-25', '2018-04-16', 10),
(376, 85, '2017-10-30', '2018-04-16', 4),
(377, 46, '2018-01-22', '2018-04-16', 2),
(378, 56, '2017-12-25', '2018-04-16', 10),
(379, 44, '2017-10-30', '2018-04-16', 4),
(380, 95, '2017-12-25', '2018-04-16', 1),
(381, 66, '2017-10-30', '2018-04-16', 4),
(382, 78, '2017-12-11', '2018-04-16', 3),
(383, 41, '2017-12-25', '2018-04-16', 1),
(384, 57, '2017-12-25', '2018-04-16', 10),
(385, 17, '2017-12-25', '2018-04-16', 1),
(386, 72, '2018-01-22', '2018-04-16', 8),
(387, 97, '2017-10-30', '2018-04-16', 4),
(388, 29, '2018-01-22', '2018-04-16', 2),
(389, 35, '2017-12-25', '2018-04-16', 1),
(390, 11, '2017-10-30', '2018-04-16', 4),
(391, 58, '2017-12-25', '2018-04-16', 10),
(392, 25, '2017-12-25', '2018-04-16', 10),
(393, 18, '2018-01-22', '2018-04-16', 8),
(394, 47, '2017-12-25', '2018-04-16', 1),
(395, 4, '2018-02-05', '2018-04-16', 7),
(396, 3, '2017-11-13', '2018-04-16', 9),
(397, 1, '2018-02-05', '2018-04-16', 7),
(398, 88, '2017-12-25', '2018-04-16', 10),
(399, 69, '2017-12-11', '2018-04-16', 3),
(400, 99, '2017-12-25', '2018-04-16', 1),
(401, 40, '2017-10-30', '2018-04-16', 4),
(402, 16, '2018-01-08', '2018-04-16', 6),
(403, 80, '2017-11-27', '2018-04-16', 5),
(404, 75, '2017-10-30', '2018-04-16', 4),
(405, 39, '2017-10-30', '2018-04-16', 4),
(406, 83, '2017-12-25', '2018-04-16', 10),
(407, 51, '2018-01-08', '2018-04-16', 6),
(408, 73, '2018-01-22', '2018-04-16', 8),
(409, 89, '2017-10-30', '2018-04-16', 4),
(410, 82, '2017-10-30', '2018-04-16', 4),
(411, 8, '2018-02-05', '2018-04-16', 7),
(412, 24, '2018-01-22', '2018-04-16', 8),
(413, 13, '2018-01-08', '2018-04-16', 6),
(414, 32, '2017-11-13', '2018-04-16', 9),
(415, 59, '2017-11-13', '2018-04-16', 9),
(416, 5, '2017-11-27', '2018-04-16', 5),
(417, 52, '2017-12-25', '2018-04-16', 10),
(418, 12, '2017-10-30', '2018-04-16', 4),
(419, 79, '2018-01-08', '2018-04-16', 6),
(420, 92, '2017-11-13', '2018-04-16', 9),
(421, 45, '2018-12-24', '2019-04-15', 10),
(422, 36, '2018-12-24', '2019-04-15', 1),
(423, 68, '2018-11-12', '2019-04-15', 9),
(424, 86, '2019-02-04', '2019-04-15', 7),
(425, 77, '2018-10-29', '2019-04-15', 4),
(426, 33, '2018-10-29', '2019-04-15', 4),
(427, 30, '2019-01-21', '2019-04-15', 8),
(428, 94, '2019-01-21', '2019-04-15', 2),
(429, 21, '2018-11-26', '2019-04-15', 5),
(430, 61, '2018-12-24', '2019-04-15', 1),
(431, 15, '2018-12-24', '2019-04-15', 1),
(432, 62, '2019-01-07', '2019-04-15', 6),
(433, 50, '2018-12-24', '2019-04-15', 1),
(434, 65, '2018-10-29', '2019-04-15', 4),
(435, 71, '2019-01-21', '2019-04-15', 8),
(436, 85, '2018-11-12', '2019-04-15', 9),
(437, 46, '2018-11-12', '2019-04-15', 9),
(438, 56, '2018-10-29', '2019-04-15', 4),
(439, 44, '2019-02-04', '2019-04-15', 7),
(440, 95, '2019-02-04', '2019-04-15', 7),
(441, 66, '2018-12-24', '2019-04-15', 10),
(442, 78, '2019-01-21', '2019-04-15', 2),
(443, 41, '2018-11-12', '2019-04-15', 9),
(444, 57, '2018-12-10', '2019-04-15', 3),
(445, 17, '2019-01-07', '2019-04-15', 6),
(446, 72, '2018-11-12', '2019-04-15', 9),
(447, 97, '2019-01-21', '2019-04-15', 2),
(448, 29, '2019-01-21', '2019-04-15', 8),
(449, 35, '2019-01-21', '2019-04-15', 8),
(450, 11, '2019-01-07', '2019-04-15', 6),
(451, 58, '2019-01-07', '2019-04-15', 6),
(452, 25, '2019-01-21', '2019-04-15', 2),
(453, 18, '2018-11-12', '2019-04-15', 9),
(454, 47, '2019-01-07', '2019-04-15', 6),
(455, 4, '2018-11-26', '2019-04-15', 5),
(456, 3, '2018-11-12', '2019-04-15', 9),
(457, 1, '2019-01-07', '2019-04-15', 6),
(458, 88, '2018-11-26', '2019-04-15', 5),
(459, 69, '2019-01-07', '2019-04-15', 6),
(460, 99, '2018-10-29', '2019-04-15', 4),
(461, 40, '2018-10-29', '2019-04-15', 4),
(462, 16, '2018-12-24', '2019-04-15', 1),
(463, 80, '2018-11-26', '2019-04-15', 5),
(464, 75, '2018-11-26', '2019-04-15', 5),
(465, 39, '2019-01-21', '2019-04-15', 2),
(466, 83, '2019-01-21', '2019-04-15', 8),
(467, 51, '2019-01-21', '2019-04-15', 2),
(468, 73, '2018-12-24', '2019-04-15', 10),
(469, 89, '2018-12-10', '2019-04-15', 3),
(470, 82, '2019-01-21', '2019-04-15', 2),
(471, 8, '2019-02-04', '2019-04-15', 7),
(472, 24, '2019-01-07', '2019-04-15', 6),
(473, 13, '2019-01-21', '2019-04-15', 8),
(474, 32, '2018-10-29', '2019-04-15', 4),
(475, 59, '2018-12-24', '2019-04-15', 1),
(476, 5, '2018-11-12', '2019-04-15', 9),
(477, 52, '2018-12-10', '2019-04-15', 3),
(478, 12, '2019-01-21', '2019-04-15', 8),
(479, 79, '2018-11-12', '2019-04-15', 9),
(480, 92, '2018-12-10', '2019-04-15', 3),
(481, 45, '2020-07-19', '2020-10-11', 2),
(482, 36, '2020-06-21', '2020-10-11', 10),
(483, 68, '2020-07-19', '2020-10-11', 2),
(484, 86, '2020-07-05', '2020-10-11', 6),
(485, 77, '2020-05-24', '2020-10-11', 5),
(486, 33, '2020-05-10', '2020-10-11', 9),
(487, 30, '2020-06-21', '2020-10-11', 1),
(488, 94, '2020-05-10', '2020-10-11', 9),
(489, 21, '2020-08-02', '2020-10-11', 7),
(490, 61, '2020-05-24', '2020-10-11', 5),
(491, 15, '2020-07-19', '2020-10-11', 2),
(492, 62, '2020-07-05', '2020-10-11', 6),
(493, 50, '2020-06-21', '2020-10-11', 10),
(494, 65, '2020-07-19', '2020-10-11', 8),
(495, 71, '2020-05-10', '2020-10-11', 9),
(496, 85, '2020-07-19', '2020-10-11', 8),
(497, 46, '2020-07-05', '2020-10-11', 6),
(498, 56, '2020-04-26', '2020-10-11', 4),
(499, 44, '2020-07-19', '2020-10-11', 2),
(500, 95, '2020-05-24', '2020-10-11', 5),
(501, 66, '2020-05-24', '2020-10-11', 5),
(502, 78, '2020-08-02', '2020-10-11', 7),
(503, 41, '2020-04-26', '2020-10-11', 4),
(504, 57, '2020-06-07', '2020-10-11', 3),
(505, 17, '2020-08-02', '2020-10-11', 7),
(506, 72, '2020-08-02', '2020-10-11', 7),
(507, 97, '2020-07-19', '2020-10-11', 8),
(508, 29, '2020-07-05', '2020-10-11', 6),
(509, 35, '2020-07-05', '2020-10-11', 6),
(510, 11, '2020-05-24', '2020-10-11', 5),
(511, 58, '2020-07-19', '2020-10-11', 8),
(512, 25, '2020-06-07', '2020-10-11', 3),
(513, 18, '2020-06-21', '2020-10-11', 1),
(514, 47, '2020-06-07', '2020-10-11', 3),
(515, 4, '2020-07-05', '2020-10-11', 6),
(516, 3, '2020-07-19', '2020-10-11', 2),
(517, 1, '2020-05-24', '2020-10-11', 5),
(518, 88, '2020-07-19', '2020-10-11', 2),
(519, 69, '2020-08-02', '2020-10-11', 7),
(520, 99, '2020-05-24', '2020-10-11', 5),
(521, 40, '2020-07-05', '2020-10-11', 6),
(522, 16, '2020-05-24', '2020-10-11', 5),
(523, 80, '2020-06-07', '2020-10-11', 3),
(524, 75, '2020-07-19', '2020-10-11', 8),
(525, 39, '2020-05-10', '2020-10-11', 9),
(526, 83, '2020-07-19', '2020-10-11', 2),
(527, 51, '2020-07-19', '2020-10-11', 8),
(528, 73, '2020-06-07', '2020-10-11', 3),
(529, 89, '2020-07-05', '2020-10-11', 6),
(530, 82, '2020-08-02', '2020-10-11', 7),
(531, 8, '2020-06-21', '2020-10-11', 1),
(532, 24, '2020-04-26', '2020-10-11', 4),
(533, 13, '2020-05-10', '2020-10-11', 9),
(534, 32, '2020-06-07', '2020-10-11', 3),
(535, 59, '2020-07-05', '2020-10-11', 6),
(536, 5, '2020-08-02', '2020-10-11', 7),
(537, 52, '2020-06-21', '2020-10-11', 1),
(538, 12, '2020-05-24', '2020-10-11', 5),
(539, 79, '2020-05-24', '2020-10-11', 5),
(540, 92, '2020-08-02', '2020-10-11', 7),
(541, 45, '2021-07-05', '2021-10-11', 6),
(542, 36, '2021-07-05', '2021-10-11', 6),
(543, 68, '2021-06-07', '2021-10-11', 3),
(544, 86, '2021-07-19', '2021-10-11', 2),
(545, 77, '2021-06-07', '2021-10-11', 3),
(546, 33, '2021-08-02', '2021-10-11', 7),
(547, 30, '2021-05-10', '2021-10-11', 9),
(548, 94, '2021-08-02', '2021-10-11', 7),
(549, 21, '2021-04-26', '2021-10-11', 4),
(550, 61, '2021-07-19', '2021-10-11', 8),
(551, 15, '2021-08-02', '2021-10-11', 7),
(552, 62, '2021-05-24', '2021-10-11', 5),
(553, 50, '2021-04-26', '2021-10-11', 4),
(554, 65, '2021-05-24', '2021-10-11', 5),
(555, 71, '2021-06-21', '2021-10-11', 1),
(556, 85, '2021-06-21', '2021-10-11', 1),
(557, 46, '2021-05-24', '2021-10-11', 5),
(558, 56, '2021-05-10', '2021-10-11', 9),
(559, 44, '2021-04-26', '2021-10-11', 4),
(560, 95, '2021-05-24', '2021-10-11', 5),
(561, 66, '2021-05-24', '2021-10-11', 5),
(562, 78, '2021-07-19', '2021-10-11', 8),
(563, 41, '2021-07-19', '2021-10-11', 2),
(564, 57, '2021-08-02', '2021-10-11', 7),
(565, 17, '2021-08-02', '2021-10-11', 7),
(566, 72, '2021-06-21', '2021-10-11', 10),
(567, 97, '2021-05-24', '2021-10-11', 5),
(568, 29, '2021-05-24', '2021-10-11', 5),
(569, 35, '2021-06-21', '2021-10-11', 10),
(570, 11, '2021-06-21', '2021-10-11', 10),
(571, 58, '2021-05-10', '2021-10-11', 9),
(572, 25, '2021-04-26', '2021-10-11', 4),
(573, 18, '2021-06-07', '2021-10-11', 3),
(574, 47, '2021-07-05', '2021-10-11', 6),
(575, 4, '2021-06-21', '2021-10-11', 1),
(576, 3, '2021-07-05', '2021-10-11', 6),
(577, 1, '2021-07-19', '2021-10-11', 8),
(578, 88, '2021-06-21', '2021-10-11', 1),
(579, 69, '2021-07-05', '2021-10-11', 6),
(580, 99, '2021-07-19', '2021-10-11', 8),
(581, 40, '2021-08-02', '2021-10-11', 7),
(582, 16, '2021-05-24', '2021-10-11', 5),
(583, 80, '2021-07-19', '2021-10-11', 2),
(584, 75, '2021-07-05', '2021-10-11', 6),
(585, 39, '2021-07-19', '2021-10-11', 8),
(586, 83, '2021-07-19', '2021-10-11', 8),
(587, 51, '2021-07-19', '2021-10-11', 2),
(588, 73, '2021-08-02', '2021-10-11', 7),
(589, 89, '2021-05-24', '2021-10-11', 5),
(590, 82, '2021-07-05', '2021-10-11', 6),
(591, 8, '2021-07-05', '2021-10-11', 6),
(592, 24, '2021-06-21', '2021-10-11', 1),
(593, 13, '2021-05-24', '2021-10-11', 5),
(594, 32, '2021-06-21', '2021-10-11', 10),
(595, 59, '2021-07-05', '2021-10-11', 6),
(596, 5, '2021-06-21', '2021-10-11', 1),
(597, 52, '2021-07-19', '2021-10-11', 2),
(598, 12, '2021-08-02', '2021-10-11', 7),
(599, 79, '2021-07-19', '2021-10-11', 2),
(600, 92, '2021-08-02', '2021-10-11', 7);
INSERT INTO Sponsored_Athletes (sponsor_id, sponsor_name, runner_id) VALUES
(1, 'Puma', 626),
(2, 'Hoka', 190),
(3, 'New Balance', 651),
(4, 'New Balance', 149),
(5, 'Puma', 1074),
(6, 'Puma', 114),
(7, 'Adidas', 397),
(8, 'Hoka', 704),
(9, 'Brooks', 392),
(10, 'Nike', 945),
(11, 'Asics', 235),
(12, 'Puma', 991),
(13, 'Saucony', 989),
(14, 'Nike', 794),
(15, 'Puma', 1006),
(16, 'Saucony', 855),
(17, 'Hoka', 993),
(18, 'Brooks', 914),
(19, 'Tracksmith', 662),
(20, 'Tracksmith', 615),
(21, 'Tracksmith', 1054),
(22, 'Tracksmith', 318),
(23, 'Tracksmith', 213),
(24, 'Tracksmith', 341),
(25, 'Adidas', 187),
(26, 'Hoka', 312),
(27, 'Puma', 163),
(28, 'Saucony', 830),
(29, 'Saucony', 982),
(30, 'Nike', 895),
(31, 'Puma', 633),
(32, 'Brooks', 778);
INSERT INTO Training_Plans_Descriptions (plan_id, plan_description, plan_length_weeks) VALUES
(1, 'Beginner Marathon Plan: 16-week build-up', 16),
(2, 'Intermediate Marathon Plan: 12-week build-up', 12),
(3, 'Advanced Marathon Plan: 18-week build-up', 18),
(4, 'Elite Marathon Plan: 24-week build-up', 24),
(5, '5K to Marathon Transition Plan: 20-week build-up', 20),
(6, 'Half-Marathon to Marathon Plan: 14-week build-up', 14),
(7, 'Strength and Conditioning Focus Plan: 10-week build-up', 10),
(8, 'Speed Work Focus Plan: 12-week build-up', 12),
(9, 'Long Distance Endurance Focus Plan: 22-week build-up', 22),
(10, 'Customized Marathon Plan: 16-week build-up', 16);
